Order ID,Contract Number,Client Name,Client Region,Delivery Country,Division,Product Category,Defense Platform,Serial Number,Order Date,Scheduled Delivery Date,Actual Delivery Date,Delivery Status,Unit Price USD,Quantity Ordered,Total Contract Value USD,Production Cost USD,Gross Margin USD,Quality Control Score,Security Clearance Level,Warranty Period Months
ORD-10000,ALPHA-CNT-2023-458,Ministry of Defense - Brazil,LATAM,Brazil,Aerospace Systems,Flight Control Radar,Maritime,SN-ALPHA-740524,30/1/2025,29/3/2025,,Under Testing,1411425,48,67748400,41495435.85,26252964.15,96.37,Level 3 Top Secret,24
ORD-10001,ALPHA-CNT-2024-362,Ministry of Defense - Canada,North America,Canada,Naval Technology,Submarine Communications Module,Airborne,SN-ALPHA-305438,18/10/2024,23/11/2024,18/11/2024,Delivered On Time,242994,2,485988,276206.91,209781.09,92.79,Level 2 Restricted,24
ORD-10002,ALPHA-CNT-2025-905,Ministry of Defense - USA,North America,USA,Tactical Avionics,Tactical Data Link,Ground Tactical,SN-ALPHA-296653,20/10/2024,28/1/2025,18/1/2025,Delivered On Time,1476420,32,47245440,33817651.08,13427788.92,98.95,Level 3 Top Secret,60
ORD-10003,ALPHA-CNT-2023-210,Ministry of Defense - Canada,North America,Canada,Aerospace Systems,Recon Surveillance Drone,Ground Tactical,SN-ALPHA-226611,2/9/2023,3/12/2023,,Under Testing,910346,8,7282768,5089501.19,2193266.81,95.74,Level 2 Restricted,12
ORD-10004,ALPHA-CNT-2024-837,Ministry of Defense - Canada,North America,Canada,Cyber Security,Quantum Cipher Hardware,Maritime,SN-ALPHA-993590,4/6/2023,30/8/2023,19/10/2023,Delivered Delayed,1100457,22,24210054,15828204.38,8381849.62,89.08,Level 2 Restricted,36
ORD-10005,ALPHA-CNT-2025-101,Ministry of Defense - Japan,Asia Pacific,Japan,Naval Technology,Submarine Communications Module,Maritime,SN-ALPHA-511981,19/2/2024,24/4/2024,17/4/2024,Delivered On Time,359509,6,2157054,1414052.56,743001.44,99.28,Level 2 Restricted,36
ORD-10006,ALPHA-CNT-2023-149,Ministry of Defense - Australia,Asia Pacific,Australia,Cyber Security,Threat Intelligence Node,Maritime,SN-ALPHA-326061,6/11/2023,1/1/2024,1/3/2024,Delivered Delayed,1177787,12,14133444,10547308.44,3586135.56,91.08,Level 1 Standard,24
ORD-10007,ALPHA-CNT-2024-495,Ministry of Defense - Australia,Asia Pacific,Australia,Aerospace Systems,Jet Engine Turbine Component,Maritime,SN-ALPHA-579247,17/12/2025,4/6/2026,,In Production,1037626,47,48768422,29208781.26,19559640.74,92.01,Level 1 Standard,24
ORD-10008,ALPHA-CNT-2025-548,Ministry of Defense - Brazil,LATAM,Brazil,Cyber Security,Encrypted Comms Server,Maritime,SN-ALPHA-964607,20/11/2025,11/1/2026,19/2/2026,Delivered Delayed,1254654,40,50186160,37893729.08,12292430.92,92.79,Level 3 Top Secret,60
ORD-10009,ALPHA-CNT-2023-850,Ministry of Defense - Chile,LATAM,Chile,Cyber Security,Encrypted Comms Server,Digital Command,SN-ALPHA-919378,2/1/2024,19/5/2024,26/5/2024,Delivered Delayed,1401918,36,50469048,35943388.71,14525659.29,88.61,Level 2 Restricted,48
ORD-10010,ALPHA-CNT-2024-529,Ministry of Defense - Brazil,LATAM,Brazil,Aerospace Systems,Recon Surveillance Drone,Maritime,SN-ALPHA-299836,7/6/2025,15/7/2025,,In Production,990335,15,14855025,9726215.37,5128809.63,93.91,Level 1 Standard,12
ORD-10011,ALPHA-CNT-2025-270,Ministry of Defense - Germany,Europe,Germany,Tactical Avionics,Night Vision Targeting System,Airborne,SN-ALPHA-851606,19/10/2025,25/11/2025,16/11/2025,Delivered On Time,1009820,28,28274960,18788913.2,9486046.8,89.47,Level 3 Top Secret,48
ORD-10012,ALPHA-CNT-2023-523,Ministry of Defense - Chile,LATAM,Chile,Cyber Security,Encrypted Comms Server,Ground Tactical,SN-ALPHA-454349,20/10/2025,12/12/2025,11/12/2025,Delivered On Time,1325779,49,64963171,39897898.15,25065272.85,92.77,Level 3 Top Secret,48
ORD-10013,ALPHA-CNT-2024-604,Ministry of Defense - Australia,Asia Pacific,Australia,Cyber Security,Encrypted Comms Server,Airborne,SN-ALPHA-213000,27/2/2023,23/5/2023,12/6/2023,Delivered Delayed,769846,45,34643070,25567575.87,9075494.13,92.17,Level 3 Top Secret,24
ORD-10014,ALPHA-CNT-2025-487,Ministry of Defense - South Korea,Asia Pacific,South Korea,Tactical Avionics,Tactical Data Link,Airborne,SN-ALPHA-893928,11/6/2023,8/9/2023,,In Production,1138129,18,20486322,13894206.38,6592115.62,97.2,Level 3 Top Secret,24
ORD-10015,ALPHA-CNT-2023-459,Ministry of Defense - France,Europe,France,Cyber Security,Quantum Cipher Hardware,Digital Command,SN-ALPHA-534603,18/9/2025,24/2/2026,14/2/2026,Delivered On Time,1496714,2,2993428,1886499.14,1106928.86,97.56,Level 3 Top Secret,24
ORD-10016,ALPHA-CNT-2024-659,Ministry of Defense - Poland,Europe,Poland,Cyber Security,Quantum Cipher Hardware,Maritime,SN-ALPHA-148759,22/2/2023,30/3/2023,17/5/2023,Delivered Delayed,959210,13,12469730,8716497.5,3753232.5,89.83,Level 2 Restricted,48
ORD-10017,ALPHA-CNT-2025-484,Ministry of Defense - Chile,LATAM,Chile,Cyber Security,Quantum Cipher Hardware,Ground Tactical,SN-ALPHA-764000,8/2/2023,31/7/2023,23/8/2023,Delivered Delayed,710046,45,31952070,25527582.73,6424487.27,92.36,Level 3 Top Secret,12
ORD-10018,ALPHA-CNT-2023-203,Ministry of Defense - Qatar,Middle East,Qatar,Land Defense,Artillery Tracking Unit,Airborne,SN-ALPHA-978146,8/6/2025,27/8/2025,24/8/2025,Delivered On Time,82766,15,1241490,817912.94,423577.06,92.44,Level 2 Restricted,24
ORD-10019,ALPHA-CNT-2024-948,Ministry of Defense - France,Europe,France,Tactical Avionics,Cockpit Head Up Display,Maritime,SN-ALPHA-804791,18/12/2023,4/6/2024,26/7/2024,Delivered Delayed,605710,20,12114200,9451169.94,2663030.06,89.8,Level 1 Standard,36
ORD-10020,ALPHA-CNT-2025-590,Ministry of Defense - Canada,North America,Canada,Cyber Security,Threat Intelligence Node,Maritime,SN-ALPHA-717413,11/5/2024,25/9/2024,,In Production,953022,29,27637638,17584563.53,10053074.47,97.5,Level 3 Top Secret,12
ORD-10021,ALPHA-CNT-2023-907,Ministry of Defense - South Korea,Asia Pacific,South Korea,Tactical Avionics,Cockpit Head Up Display,Digital Command,SN-ALPHA-229204,18/6/2025,12/9/2025,22/9/2025,Delivered Delayed,324349,42,13622658,7678863.14,5943794.86,96.42,Level 1 Standard,36
ORD-10022,ALPHA-CNT-2024-984,Ministry of Defense - Canada,North America,Canada,Naval Technology,Submarine Communications Module,Digital Command,SN-ALPHA-909652,21/12/2024,14/5/2025,8/5/2025,Delivered On Time,529806,29,15364374,9234918.73,6129455.27,90.27,Level 2 Restricted,12
ORD-10023,ALPHA-CNT-2025-691,Ministry of Defense - India,Asia Pacific,India,Naval Technology,Sonar Detection Array,Digital Command,SN-ALPHA-572388,5/2/2025,4/8/2025,3/8/2025,Delivered On Time,1253175,3,3759525,2461262.46,1298262.54,92.36,Level 2 Restricted,24
ORD-10024,ALPHA-CNT-2023-766,Ministry of Defense - India,Asia Pacific,India,Cyber Security,Encrypted Comms Server,Ground Tactical,SN-ALPHA-579605,25/6/2024,4/10/2024,26/11/2024,Delivered Delayed,1477197,19,28066743,16977817.92,11088925.08,89.26,Level 1 Standard,60
ORD-10025,ALPHA-CNT-2024-876,Ministry of Defense - UK,Europe,UK,Tactical Avionics,Cockpit Head Up Display,Airborne,SN-ALPHA-790441,6/9/2023,7/10/2023,27/9/2023,Delivered On Time,1126778,3,3380334,1859375.57,1520958.43,95.48,Level 3 Top Secret,24
ORD-10026,ALPHA-CNT-2025-803,Ministry of Defense - Poland,Europe,Poland,Tactical Avionics,Night Vision Targeting System,Digital Command,SN-ALPHA-717942,28/11/2024,6/2/2025,5/2/2025,Delivered On Time,489358,14,6851012,5335228.23,1515783.77,89.44,Level 3 Top Secret,48
ORD-10027,ALPHA-CNT-2023-330,Ministry of Defense - Canada,North America,Canada,Tactical Avionics,Tactical Data Link,Digital Command,SN-ALPHA-628689,12/7/2025,27/11/2025,20/11/2025,Delivered On Time,898124,40,35924960,27337811.52,8587148.48,99.73,Level 1 Standard,48
ORD-10028,ALPHA-CNT-2024-266,Ministry of Defense - Australia,Asia Pacific,Australia,Land Defense,Ballistic Shielding Suite,Digital Command,SN-ALPHA-241176,15/7/2023,9/11/2023,7/11/2023,Delivered On Time,787744,4,3150976,2317773.05,833202.95,97.29,Level 1 Standard,12
ORD-10029,ALPHA-CNT-2025-562,Ministry of Defense - Canada,North America,Canada,Naval Technology,Submarine Communications Module,Airborne,SN-ALPHA-623059,28/8/2024,7/12/2024,3/12/2024,Delivered On Time,70855,11,779405,461371.63,318033.37,92.64,Level 1 Standard,48
ORD-10030,ALPHA-CNT-2023-175,Ministry of Defense - Saudi Arabia,Middle East,Saudi Arabia,Tactical Avionics,Cockpit Head Up Display,Airborne,SN-ALPHA-104548,6/1/2024,15/3/2024,15/3/2024,Delivered On Time,526963,31,16335853,9476279.57,6859573.43,94.88,Level 3 Top Secret,24
ORD-10031,ALPHA-CNT-2024-918,Ministry of Defense - Canada,North America,Canada,Tactical Avionics,Cockpit Head Up Display,Digital Command,SN-ALPHA-656127,8/12/2024,3/3/2025,3/3/2025,Delivered On Time,861527,43,37045661,21001229.21,16044431.79,98.84,Level 3 Top Secret,36
ORD-10032,ALPHA-CNT-2025-966,Ministry of Defense - Brazil,LATAM,Brazil,Land Defense,Artillery Tracking Unit,Digital Command,SN-ALPHA-871976,20/12/2024,15/4/2025,10/4/2025,Delivered On Time,1006228,32,32199296,23537920.34,8661375.66,94.59,Level 3 Top Secret,24
ORD-10033,ALPHA-CNT-2023-134,Ministry of Defense - USA,North America,USA,Land Defense,Ballistic Shielding Suite,Maritime,SN-ALPHA-150931,25/1/2025,22/3/2025,16/5/2025,Delivered Delayed,361385,27,9757395,7632253.79,2125141.21,90.08,Level 1 Standard,12
ORD-10034,ALPHA-CNT-2024-401,Ministry of Defense - Brazil,LATAM,Brazil,Tactical Avionics,Tactical Data Link,Digital Command,SN-ALPHA-680099,15/3/2025,7/5/2025,15/5/2025,Delivered Delayed,677407,30,20322210,13364575.34,6957634.66,92.51,Level 3 Top Secret,48
ORD-10035,ALPHA-CNT-2025-120,Ministry of Defense - Brazil,LATAM,Brazil,Aerospace Systems,Recon Surveillance Drone,Ground Tactical,SN-ALPHA-553834,16/11/2024,23/3/2025,19/3/2025,Delivered On Time,1193413,43,51316759,29752695.74,21564063.26,98.03,Level 2 Restricted,36
ORD-10036,ALPHA-CNT-2023-426,Ministry of Defense - Chile,LATAM,Chile,Tactical Avionics,Tactical Data Link,Ground Tactical,SN-ALPHA-979562,10/12/2024,2/2/2025,,In Production,273068,2,546136,370333.84,175802.16,95.67,Level 1 Standard,60
ORD-10037,ALPHA-CNT-2024-367,Ministry of Defense - Qatar,Middle East,Qatar,Tactical Avionics,Tactical Data Link,Digital Command,SN-ALPHA-713543,8/10/2024,6/2/2025,1/2/2025,Delivered On Time,406427,49,19914923,12689947.79,7224975.21,95.74,Level 3 Top Secret,36
ORD-10038,ALPHA-CNT-2025-207,Ministry of Defense - Canada,North America,Canada,Land Defense,Ballistic Shielding Suite,Airborne,SN-ALPHA-606390,7/5/2023,2/9/2023,30/9/2023,Delivered Delayed,983476,9,8851284,5697626.66,3153657.34,98.32,Level 1 Standard,36
ORD-10039,ALPHA-CNT-2023-175,Ministry of Defense - Canada,North America,Canada,Land Defense,Armored Tactical Vehicle,Maritime,SN-ALPHA-633025,21/10/2024,26/1/2025,27/2/2025,Delivered Delayed,173805,28,4866540,3432529.58,1434010.42,98.64,Level 2 Restricted,24
ORD-10040,ALPHA-CNT-2024-450,Ministry of Defense - UAE,Middle East,UAE,Tactical Avionics,Tactical Data Link,Airborne,SN-ALPHA-919023,19/7/2024,29/8/2024,,Under Testing,859359,31,26640129,19438756.76,7201372.24,98.95,Level 2 Restricted,60
ORD-10041,ALPHA-CNT-2025-274,Ministry of Defense - Australia,Asia Pacific,Australia,Tactical Avionics,Cockpit Head Up Display,Digital Command,SN-ALPHA-285810,22/8/2023,16/1/2024,30/1/2024,Delivered Delayed,165657,34,5632338,3253525.11,2378812.89,89.13,Level 1 Standard,12
ORD-10042,ALPHA-CNT-2023-484,Ministry of Defense - France,Europe,France,Tactical Avionics,Night Vision Targeting System,Ground Tactical,SN-ALPHA-825423,9/2/2023,26/7/2023,15/8/2023,Delivered Delayed,903062,15,13545930,7570787.19,5975142.81,94.48,Level 1 Standard,12
ORD-10043,ALPHA-CNT-2024-264,Ministry of Defense - USA,North America,USA,Land Defense,Artillery Tracking Unit,Maritime,SN-ALPHA-706658,1/6/2024,1/8/2024,8/9/2024,Delivered Delayed,154428,48,7412544,5919528.48,1493015.52,96.81,Level 2 Restricted,36
ORD-10044,ALPHA-CNT-2025-849,Ministry of Defense - Poland,Europe,Poland,Tactical Avionics,Cockpit Head Up Display,Airborne,SN-ALPHA-282085,4/3/2025,8/7/2025,2/7/2025,Delivered On Time,172035,25,4300875,2615715.13,1685159.87,97.01,Level 1 Standard,36
ORD-10045,ALPHA-CNT-2023-176,Ministry of Defense - Qatar,Middle East,Qatar,Tactical Avionics,Tactical Data Link,Airborne,SN-ALPHA-865979,14/7/2023,2/9/2023,24/8/2023,Delivered On Time,1329356,36,47856816,26965288.18,20891527.82,95.22,Level 2 Restricted,48
ORD-10046,ALPHA-CNT-2024-660,Ministry of Defense - Australia,Asia Pacific,Australia,Cyber Security,Threat Intelligence Node,Digital Command,SN-ALPHA-954845,26/8/2024,13/2/2025,2/4/2025,Delivered Delayed,962676,8,7701408,4601351.24,3100056.76,89.98,Level 2 Restricted,60
ORD-10047,ALPHA-CNT-2025-195,Ministry of Defense - India,Asia Pacific,India,Aerospace Systems,Recon Surveillance Drone,Maritime,SN-ALPHA-234618,12/5/2023,25/8/2023,23/8/2023,Delivered On Time,119518,9,1075662,602090.47,473571.53,97.49,Level 3 Top Secret,36
ORD-10048,ALPHA-CNT-2023-446,Ministry of Defense - South Korea,Asia Pacific,South Korea,Naval Technology,Naval Target Radar,Ground Tactical,SN-ALPHA-208584,18/3/2025,18/7/2025,2/8/2025,Delivered Delayed,226355,37,8375135,5426691.53,2948443.47,96.57,Level 1 Standard,48
ORD-10049,ALPHA-CNT-2024-708,Ministry of Defense - Saudi Arabia,Middle East,Saudi Arabia,Aerospace Systems,Flight Control Radar,Digital Command,SN-ALPHA-506224,25/10/2025,20/4/2026,18/4/2026,Delivered On Time,717565,48,34443120,25853021.24,8590098.76,89.03,Level 1 Standard,60
ORD-10050,ALPHA-CNT-2025-728,Ministry of Defense - Chile,LATAM,Chile,Cyber Security,Encrypted Comms Server,Maritime,SN-ALPHA-789461,6/6/2023,24/8/2023,23/8/2023,Delivered On Time,170243,45,7660935,4867077.14,2793857.86,93.52,Level 3 Top Secret,12
ORD-10051,ALPHA-CNT-2023-594,Ministry of Defense - Chile,LATAM,Chile,Naval Technology,Naval Target Radar,Airborne,SN-ALPHA-729718,30/4/2025,16/6/2025,7/6/2025,Delivered On Time,1057378,39,41237742,27260038.28,13977703.72,90.07,Level 2 Restricted,48
ORD-10052,ALPHA-CNT-2024-821,Ministry of Defense - Poland,Europe,Poland,Tactical Avionics,Tactical Data Link,Digital Command,SN-ALPHA-735605,2/6/2023,13/7/2023,7/7/2023,Delivered On Time,988601,32,31635232,22742463.68,8892768.32,92.02,Level 1 Standard,60
ORD-10053,ALPHA-CNT-2025-131,Ministry of Defense - Brazil,LATAM,Brazil,Cyber Security,Encrypted Comms Server,Airborne,SN-ALPHA-437477,9/3/2025,5/6/2025,19/7/2025,Delivered Delayed,446308,17,7587236,5138254.65,2448981.35,88.22,Level 3 Top Secret,48
ORD-10054,ALPHA-CNT-2023-541,Ministry of Defense - Chile,LATAM,Chile,Tactical Avionics,Tactical Data Link,Airborne,SN-ALPHA-628597,12/3/2024,24/6/2024,14/6/2024,Delivered On Time,1151887,35,40316045,30856345.51,9459699.49,92.76,Level 3 Top Secret,36
ORD-10055,ALPHA-CNT-2024-769,Ministry of Defense - Australia,Asia Pacific,Australia,Land Defense,Artillery Tracking Unit,Digital Command,SN-ALPHA-503348,8/11/2023,28/12/2023,25/12/2023,Delivered On Time,72692,37,2689604,2061605.45,627998.55,94.54,Level 1 Standard,24
ORD-10056,ALPHA-CNT-2025-268,Ministry of Defense - Australia,Asia Pacific,Australia,Cyber Security,Encrypted Comms Server,Digital Command,SN-ALPHA-539001,24/9/2023,22/12/2023,15/12/2023,Delivered On Time,729222,19,13855218,7654698.61,6200519.39,95.37,Level 3 Top Secret,12
ORD-10057,ALPHA-CNT-2023-721,Ministry of Defense - Poland,Europe,Poland,Land Defense,Ballistic Shielding Suite,Digital Command,SN-ALPHA-738576,28/7/2025,21/9/2025,12/9/2025,Delivered On Time,442179,44,19455876,14485124.92,4970751.08,95.9,Level 2 Restricted,36
ORD-10058,ALPHA-CNT-2024-544,Ministry of Defense - USA,North America,USA,Cyber Security,Quantum Cipher Hardware,Digital Command,SN-ALPHA-826155,24/9/2025,29/1/2026,12/2/2026,Delivered Delayed,271468,29,7872572,5236704.21,2635867.79,97.95,Level 3 Top Secret,36
ORD-10059,ALPHA-CNT-2025-260,Ministry of Defense - UK,Europe,UK,Cyber Security,Quantum Cipher Hardware,Digital Command,SN-ALPHA-899407,13/10/2025,22/1/2026,19/1/2026,Delivered On Time,1440227,7,10081589,8037144.93,2044444.07,90.56,Level 2 Restricted,60
ORD-10060,ALPHA-CNT-2023-154,Ministry of Defense - UK,Europe,UK,Land Defense,Ballistic Shielding Suite,Airborne,SN-ALPHA-360297,7/2/2025,3/7/2025,6/8/2025,Delivered Delayed,130152,28,3644256,2444596.15,1199659.85,89.43,Level 2 Restricted,48
ORD-10061,ALPHA-CNT-2024-203,Ministry of Defense - UAE,Middle East,UAE,Naval Technology,Naval Target Radar,Ground Tactical,SN-ALPHA-386886,16/9/2023,17/1/2024,2/3/2024,Delivered Delayed,513685,9,4623165,3683386.45,939778.55,98.13,Level 1 Standard,12
ORD-10062,ALPHA-CNT-2025-439,Ministry of Defense - Qatar,Middle East,Qatar,Aerospace Systems,Recon Surveillance Drone,Ground Tactical,SN-ALPHA-517196,4/1/2023,16/3/2023,6/4/2023,Delivered Delayed,1058803,28,29646484,21898148.32,7748335.68,89.86,Level 3 Top Secret,36
ORD-10063,ALPHA-CNT-2023-310,Ministry of Defense - UK,Europe,UK,Tactical Avionics,Night Vision Targeting System,Digital Command,SN-ALPHA-459513,11/2/2023,15/6/2023,19/7/2023,Delivered Delayed,53969,6,323814,198223.14,125590.86,99.6,Level 2 Restricted,60
ORD-10064,ALPHA-CNT-2024-294,Ministry of Defense - UK,Europe,UK,Cyber Security,Threat Intelligence Node,Airborne,SN-ALPHA-408463,1/9/2024,30/12/2024,,In Production,1134309,29,32894961,22519849.01,10375111.99,98.03,Level 2 Restricted,12
ORD-10065,ALPHA-CNT-2025-519,Ministry of Defense - Poland,Europe,Poland,Tactical Avionics,Cockpit Head Up Display,Ground Tactical,SN-ALPHA-574843,10/4/2023,2/7/2023,,Under Testing,381999,17,6493983,5182418.64,1311564.36,93.96,Level 3 Top Secret,48
ORD-10066,ALPHA-CNT-2023-813,Ministry of Defense - Brazil,LATAM,Brazil,Land Defense,Ballistic Shielding Suite,Ground Tactical,SN-ALPHA-943890,28/9/2025,4/1/2026,31/12/2025,Delivered On Time,91743,16,1467888,1122028.12,345859.88,99.68,Level 2 Restricted,36
ORD-10067,ALPHA-CNT-2024-667,Ministry of Defense - Qatar,Middle East,Qatar,Tactical Avionics,Night Vision Targeting System,Ground Tactical,SN-ALPHA-239850,12/9/2025,30/10/2025,20/10/2025,Delivered On Time,220948,23,5081804,2918692.07,2163111.93,89.16,Level 3 Top Secret,36
ORD-10068,ALPHA-CNT-2025-839,Ministry of Defense - Germany,Europe,Germany,Land Defense,Artillery Tracking Unit,Airborne,SN-ALPHA-244892,11/10/2025,23/12/2025,23/12/2025,Delivered On Time,943877,31,29260187,21260247.03,7999939.97,91.61,Level 1 Standard,36
ORD-10069,ALPHA-CNT-2023-847,Ministry of Defense - Japan,Asia Pacific,Japan,Tactical Avionics,Night Vision Targeting System,Digital Command,SN-ALPHA-532794,26/7/2023,8/1/2024,1/1/2024,Delivered On Time,70323,3,210969,134259.59,76709.41,95.59,Level 2 Restricted,12
ORD-10070,ALPHA-CNT-2024-653,Ministry of Defense - Australia,Asia Pacific,Australia,Aerospace Systems,Jet Engine Turbine Component,Digital Command,SN-ALPHA-731792,28/2/2024,30/5/2024,22/6/2024,Delivered Delayed,1377148,21,28920108,15956541.34,12963566.66,92.17,Level 2 Restricted,12
ORD-10071,ALPHA-CNT-2025-371,Ministry of Defense - Brazil,LATAM,Brazil,Aerospace Systems,Recon Surveillance Drone,Digital Command,SN-ALPHA-834018,15/2/2025,27/4/2025,,In Production,608866,26,15830516,10303611.78,5526904.22,99.05,Level 3 Top Secret,12
ORD-10072,ALPHA-CNT-2023-776,Ministry of Defense - Brazil,LATAM,Brazil,Aerospace Systems,Flight Control Radar,Maritime,SN-ALPHA-884782,28/11/2024,25/4/2025,15/4/2025,Delivered On Time,551793,36,19864548,12091324.02,7773223.98,88.78,Level 3 Top Secret,12
ORD-10073,ALPHA-CNT-2024-388,Ministry of Defense - Canada,North America,Canada,Aerospace Systems,Recon Surveillance Drone,Maritime,SN-ALPHA-637179,30/1/2024,5/6/2024,28/5/2024,Delivered On Time,376284,42,15803928,11927498.15,3876429.85,94.54,Level 3 Top Secret,60
ORD-10074,ALPHA-CNT-2025-404,Ministry of Defense - Canada,North America,Canada,Aerospace Systems,Flight Control Radar,Maritime,SN-ALPHA-413433,26/2/2024,4/6/2024,2/6/2024,Delivered On Time,318508,37,11784796,7475480.9,4309315.1,95.03,Level 3 Top Secret,24
ORD-10075,ALPHA-CNT-2023-343,Ministry of Defense - USA,North America,USA,Aerospace Systems,Recon Surveillance Drone,Airborne,SN-ALPHA-984027,1/11/2025,22/4/2026,1/5/2026,Delivered Delayed,441011,22,9702242,7343441.88,2358800.12,95.77,Level 2 Restricted,60
ORD-10076,ALPHA-CNT-2024-198,Ministry of Defense - Chile,LATAM,Chile,Land Defense,Ballistic Shielding Suite,Ground Tactical,SN-ALPHA-835570,25/11/2024,19/2/2025,24/3/2025,Delivered Delayed,832259,42,34954878,19230408.12,15724469.88,91.04,Level 1 Standard,36
ORD-10077,ALPHA-CNT-2025-150,Ministry of Defense - Chile,LATAM,Chile,Cyber Security,Quantum Cipher Hardware,Ground Tactical,SN-ALPHA-674416,29/9/2024,20/1/2025,15/1/2025,Delivered On Time,226968,12,2723616,1707584.09,1016031.91,92.34,Level 1 Standard,60
ORD-10078,ALPHA-CNT-2023-502,Ministry of Defense - Brazil,LATAM,Brazil,Tactical Avionics,Tactical Data Link,Airborne,SN-ALPHA-429159,8/2/2023,24/3/2023,,In Production,107062,42,4496604,2744238.32,1752365.68,98.04,Level 1 Standard,48
ORD-10079,ALPHA-CNT-2024-685,Ministry of Defense - Japan,Asia Pacific,Japan,Aerospace Systems,Recon Surveillance Drone,Airborne,SN-ALPHA-846454,10/11/2024,6/2/2025,20/3/2025,Delivered Delayed,1326914,13,17249882,10494687.45,6755194.55,90.32,Level 1 Standard,12
ORD-10080,ALPHA-CNT-2025-662,Ministry of Defense - Chile,LATAM,Chile,Land Defense,Ballistic Shielding Suite,Digital Command,SN-ALPHA-872610,27/11/2025,4/1/2026,31/12/2025,Delivered On Time,785122,11,8636342,4897208.84,3739133.16,97.84,Level 3 Top Secret,48
ORD-10081,ALPHA-CNT-2023-960,Ministry of Defense - Japan,Asia Pacific,Japan,Land Defense,Ballistic Shielding Suite,Digital Command,SN-ALPHA-680472,24/2/2024,13/6/2024,28/7/2024,Delivered Delayed,719221,16,11507536,6867479.62,4640056.38,94.7,Level 2 Restricted,48
ORD-10082,ALPHA-CNT-2024-602,Ministry of Defense - USA,North America,USA,Land Defense,Artillery Tracking Unit,Maritime,SN-ALPHA-763311,18/3/2025,28/7/2025,29/8/2025,Delivered Delayed,1326485,8,10611880,7310390.34,3301489.66,97.07,Level 2 Restricted,36
ORD-10083,ALPHA-CNT-2025-257,Ministry of Defense - Canada,North America,Canada,Cyber Security,Encrypted Comms Server,Maritime,SN-ALPHA-327900,8/10/2024,14/1/2025,10/1/2025,Delivered On Time,556995,40,22279800,13876756.61,8403043.39,96.49,Level 2 Restricted,12
ORD-10084,ALPHA-CNT-2023-155,Ministry of Defense - Canada,North America,Canada,Tactical Avionics,Cockpit Head Up Display,Airborne,SN-ALPHA-310647,22/10/2024,7/12/2024,30/11/2024,Delivered On Time,138302,40,5532080,3619909.33,1912170.67,90.47,Level 3 Top Secret,48
ORD-10085,ALPHA-CNT-2024-469,Ministry of Defense - UK,Europe,UK,Cyber Security,Threat Intelligence Node,Maritime,SN-ALPHA-319899,22/7/2024,14/10/2024,10/10/2024,Delivered On Time,1083224,45,48745080,31402395.56,17342684.44,94.77,Level 2 Restricted,36
ORD-10086,ALPHA-CNT-2025-103,Ministry of Defense - Poland,Europe,Poland,Naval Technology,Naval Target Radar,Ground Tactical,SN-ALPHA-754487,2/3/2025,24/8/2025,21/8/2025,Delivered On Time,788591,2,1577182,1212815.47,364366.53,98.33,Level 3 Top Secret,12
ORD-10087,ALPHA-CNT-2023-537,Ministry of Defense - UAE,Middle East,UAE,Land Defense,Artillery Tracking Unit,Airborne,SN-ALPHA-849086,16/1/2025,6/5/2025,,In Production,615635,30,18469050,14337980.62,4131069.38,93.14,Level 2 Restricted,24
ORD-10088,ALPHA-CNT-2024-189,Ministry of Defense - UAE,Middle East,UAE,Naval Technology,Naval Target Radar,Airborne,SN-ALPHA-404694,7/11/2025,30/1/2026,,In Production,577409,30,17322270,11662031.94,5660238.06,99.5,Level 1 Standard,36
ORD-10089,ALPHA-CNT-2025-401,Ministry of Defense - UAE,Middle East,UAE,Aerospace Systems,Recon Surveillance Drone,Ground Tactical,SN-ALPHA-819964,24/3/2024,28/8/2024,22/8/2024,Delivered On Time,133793,12,1605516,1015551.47,589964.53,93.38,Level 3 Top Secret,60
ORD-10090,ALPHA-CNT-2023-943,Ministry of Defense - Germany,Europe,Germany,Aerospace Systems,Jet Engine Turbine Component,Digital Command,SN-ALPHA-462066,22/8/2024,31/12/2024,24/12/2024,Delivered On Time,337635,10,3376350,1947141.64,1429208.36,89.7,Level 2 Restricted,12
ORD-10091,ALPHA-CNT-2024-777,Ministry of Defense - Germany,Europe,Germany,Cyber Security,Threat Intelligence Node,Digital Command,SN-ALPHA-805034,16/2/2025,13/7/2025,12/7/2025,Delivered On Time,633510,44,27874440,21974834.84,5899605.16,92.63,Level 1 Standard,48
ORD-10092,ALPHA-CNT-2025-740,Ministry of Defense - UAE,Middle East,UAE,Tactical Avionics,Tactical Data Link,Ground Tactical,SN-ALPHA-239116,20/6/2025,25/8/2025,22/8/2025,Delivered On Time,728525,11,8013775,4528237.55,3485537.45,99.33,Level 1 Standard,48
ORD-10093,ALPHA-CNT-2023-714,Ministry of Defense - Qatar,Middle East,Qatar,Naval Technology,Submarine Communications Module,Ground Tactical,SN-ALPHA-844904,2/5/2025,7/8/2025,,In Production,578036,15,8670540,5413994.16,3256545.84,91.8,Level 1 Standard,60
ORD-10094,ALPHA-CNT-2024-591,Ministry of Defense - Chile,LATAM,Chile,Tactical Avionics,Tactical Data Link,Maritime,SN-ALPHA-781664,15/9/2025,19/11/2025,13/11/2025,Delivered On Time,1215123,16,19441968,12141830.79,7300137.21,98.33,Level 3 Top Secret,60
ORD-10095,ALPHA-CNT-2025-304,Ministry of Defense - Saudi Arabia,Middle East,Saudi Arabia,Cyber Security,Encrypted Comms Server,Airborne,SN-ALPHA-286450,11/7/2024,12/10/2024,3/10/2024,Delivered On Time,634668,17,10789356,6798376.68,3990979.32,98.49,Level 3 Top Secret,48
ORD-10096,ALPHA-CNT-2023-199,Ministry of Defense - Chile,LATAM,Chile,Aerospace Systems,Recon Surveillance Drone,Maritime,SN-ALPHA-628370,31/8/2024,20/2/2025,15/2/2025,Delivered On Time,94331,26,2452606,1449666.02,1002939.98,92.17,Level 2 Restricted,12
ORD-10097,ALPHA-CNT-2024-126,Ministry of Defense - India,Asia Pacific,India,Tactical Avionics,Cockpit Head Up Display,Ground Tactical,SN-ALPHA-668843,2/10/2023,17/3/2024,27/4/2024,Delivered Delayed,801393,2,1602786,1195342.34,407443.66,88.99,Level 1 Standard,36
ORD-10098,ALPHA-CNT-2025-311,Ministry of Defense - UK,Europe,UK,Tactical Avionics,Tactical Data Link,Maritime,SN-ALPHA-828038,30/11/2024,7/3/2025,3/3/2025,Delivered On Time,1064348,12,12772176,7415837.86,5356338.14,96.62,Level 2 Restricted,60
ORD-10099,ALPHA-CNT-2023-274,Ministry of Defense - Saudi Arabia,Middle East,Saudi Arabia,Aerospace Systems,Flight Control Radar,Ground Tactical,SN-ALPHA-767814,28/5/2023,23/11/2023,11/1/2024,Delivered Delayed,875992,26,22775792,16141811.1,6633980.9,91.71,Level 2 Restricted,60
ORD-10100,ALPHA-CNT-2024-753,Ministry of Defense - Poland,Europe,Poland,Naval Technology,Sonar Detection Array,Maritime,SN-ALPHA-438041,17/7/2024,3/12/2024,29/11/2024,Delivered On Time,1014190,23,23326370,13551723.06,9774646.94,97.32,Level 1 Standard,60
ORD-10101,ALPHA-CNT-2025-398,Ministry of Defense - Poland,Europe,Poland,Aerospace Systems,Flight Control Radar,Maritime,SN-ALPHA-844858,20/8/2025,15/2/2026,21/2/2026,Delivered Delayed,650198,18,11703564,6643339.79,5060224.21,93.27,Level 2 Restricted,24
ORD-10102,ALPHA-CNT-2023-183,Ministry of Defense - Germany,Europe,Germany,Tactical Avionics,Cockpit Head Up Display,Digital Command,SN-ALPHA-221011,24/5/2024,3/10/2024,30/11/2024,Delivered Delayed,447891,32,14332512,11141483.92,3191028.08,93.77,Level 3 Top Secret,12
ORD-10103,ALPHA-CNT-2024-584,Ministry of Defense - Australia,Asia Pacific,Australia,Naval Technology,Sonar Detection Array,Ground Tactical,SN-ALPHA-897730,19/3/2024,19/7/2024,9/7/2024,Delivered On Time,1034210,49,50676290,30280714.62,20395575.38,97.26,Level 2 Restricted,12
ORD-10104,ALPHA-CNT-2025-964,Ministry of Defense - Canada,North America,Canada,Naval Technology,Sonar Detection Array,Maritime,SN-ALPHA-469348,23/11/2025,17/2/2026,11/2/2026,Delivered On Time,550201,38,20907638,15791801.13,5115836.87,92.55,Level 1 Standard,12
ORD-10105,ALPHA-CNT-2023-218,Ministry of Defense - Qatar,Middle East,Qatar,Aerospace Systems,Recon Surveillance Drone,Airborne,SN-ALPHA-689593,29/8/2024,2/11/2024,,In Production,1091566,47,51303602,35202362.46,16101239.54,93.27,Level 3 Top Secret,12
ORD-10106,ALPHA-CNT-2024-415,Ministry of Defense - USA,North America,USA,Tactical Avionics,Night Vision Targeting System,Maritime,SN-ALPHA-603704,27/7/2024,3/1/2025,,Under Testing,1094863,3,3284589,1870455.62,1414133.38,92.48,Level 3 Top Secret,12
ORD-10107,ALPHA-CNT-2025-903,Ministry of Defense - USA,North America,USA,Cyber Security,Threat Intelligence Node,Maritime,SN-ALPHA-711116,23/9/2025,26/2/2026,22/2/2026,Delivered On Time,781576,38,29699888,23429114.47,6270773.53,92.37,Level 2 Restricted,48
ORD-10108,ALPHA-CNT-2023-507,Ministry of Defense - USA,North America,USA,Tactical Avionics,Tactical Data Link,Airborne,SN-ALPHA-698357,1/1/2025,23/2/2025,23/2/2025,Delivered On Time,1108644,3,3325932,2034606.61,1291325.39,94.26,Level 2 Restricted,60
ORD-10109,ALPHA-CNT-2024-582,Ministry of Defense - Poland,Europe,Poland,Land Defense,Artillery Tracking Unit,Ground Tactical,SN-ALPHA-799565,8/3/2024,19/4/2024,,In Production,937198,30,28115940,21506201.24,6609738.76,97.62,Level 3 Top Secret,48
ORD-10110,ALPHA-CNT-2025-600,Ministry of Defense - Chile,LATAM,Chile,Cyber Security,Quantum Cipher Hardware,Digital Command,SN-ALPHA-844618,20/8/2025,17/10/2025,27/11/2025,Delivered Delayed,1386926,1,1386926,821341.05,565584.95,92.31,Level 2 Restricted,24
ORD-10111,ALPHA-CNT-2023-776,Ministry of Defense - Poland,Europe,Poland,Naval Technology,Submarine Communications Module,Digital Command,SN-ALPHA-537757,9/11/2023,17/1/2024,7/1/2024,Delivered On Time,1120913,30,33627390,25674032.08,7953357.92,94.24,Level 1 Standard,36
ORD-10112,ALPHA-CNT-2024-371,Ministry of Defense - Poland,Europe,Poland,Cyber Security,Threat Intelligence Node,Digital Command,SN-ALPHA-806995,17/8/2024,26/10/2024,,In Production,1250314,45,56264130,31131348.41,25132781.59,95.98,Level 2 Restricted,60
ORD-10113,ALPHA-CNT-2025-193,Ministry of Defense - USA,North America,USA,Naval Technology,Sonar Detection Array,Airborne,SN-ALPHA-884197,3/7/2025,18/11/2025,18/11/2025,Delivered On Time,297667,32,9525344,6457660.43,3067683.57,91.21,Level 2 Restricted,24
ORD-10114,ALPHA-CNT-2023-757,Ministry of Defense - UK,Europe,UK,Naval Technology,Naval Target Radar,Maritime,SN-ALPHA-982260,24/3/2023,9/5/2023,21/6/2023,Delivered Delayed,706521,28,19782588,14685814.78,5096773.22,91.3,Level 3 Top Secret,48
ORD-10115,ALPHA-CNT-2024-657,Ministry of Defense - USA,North America,USA,Cyber Security,Encrypted Comms Server,Ground Tactical,SN-ALPHA-659837,22/2/2023,30/6/2023,23/6/2023,Delivered On Time,1082321,21,22728741,17812488.85,4916252.15,99.11,Level 2 Restricted,36
ORD-10116,ALPHA-CNT-2025-496,Ministry of Defense - Brazil,LATAM,Brazil,Naval Technology,Submarine Communications Module,Maritime,SN-ALPHA-399817,17/9/2024,22/1/2025,18/1/2025,Delivered On Time,564241,46,25955086,20174902.21,5780183.79,96.61,Level 2 Restricted,24
ORD-10117,ALPHA-CNT-2023-289,Ministry of Defense - Saudi Arabia,Middle East,Saudi Arabia,Naval Technology,Submarine Communications Module,Digital Command,SN-ALPHA-988459,22/9/2024,18/2/2025,15/2/2025,Delivered On Time,937099,13,12182287,9196484.2,2985802.8,94.87,Level 2 Restricted,36
ORD-10118,ALPHA-CNT-2024-479,Ministry of Defense - Canada,North America,Canada,Land Defense,Armored Tactical Vehicle,Maritime,SN-ALPHA-542904,25/4/2024,7/10/2024,19/11/2024,Delivered Delayed,1450791,27,39171357,30242161.46,8929195.54,95.71,Level 1 Standard,24
ORD-10119,ALPHA-CNT-2025-490,Ministry of Defense - Chile,LATAM,Chile,Tactical Avionics,Tactical Data Link,Airborne,SN-ALPHA-947568,23/6/2024,25/9/2024,20/9/2024,Delivered On Time,1196640,36,43079040,25839020.2,17240019.8,88.35,Level 2 Restricted,48
ORD-10120,ALPHA-CNT-2023-478,Ministry of Defense - Qatar,Middle East,Qatar,Tactical Avionics,Night Vision Targeting System,Airborne,SN-ALPHA-113390,16/9/2024,6/3/2025,3/3/2025,Delivered On Time,1006255,7,7043785,4374515.02,2669269.98,95.36,Level 1 Standard,36
ORD-10121,ALPHA-CNT-2024-291,Ministry of Defense - Japan,Asia Pacific,Japan,Land Defense,Artillery Tracking Unit,Ground Tactical,SN-ALPHA-648122,30/8/2024,1/10/2024,21/9/2024,Delivered On Time,1467231,22,32279082,20085404.78,12193677.22,94.06,Level 1 Standard,24
ORD-10122,ALPHA-CNT-2025-556,Ministry of Defense - USA,North America,USA,Cyber Security,Encrypted Comms Server,Ground Tactical,SN-ALPHA-211642,22/6/2023,20/8/2023,17/8/2023,Delivered On Time,457974,10,4579740,2950559.24,1629180.76,94.49,Level 1 Standard,48
ORD-10123,ALPHA-CNT-2023-145,Ministry of Defense - USA,North America,USA,Aerospace Systems,Flight Control Radar,Digital Command,SN-ALPHA-126499,30/1/2024,15/7/2024,,Under Testing,577466,39,22521174,14601156.51,7920017.49,92.28,Level 1 Standard,60
ORD-10124,ALPHA-CNT-2024-369,Ministry of Defense - Australia,Asia Pacific,Australia,Aerospace Systems,Flight Control Radar,Ground Tactical,SN-ALPHA-499371,28/5/2023,3/9/2023,25/8/2023,Delivered On Time,606119,15,9091785,6238226.73,2853558.27,88.97,Level 3 Top Secret,48
ORD-10125,ALPHA-CNT-2025-550,Ministry of Defense - India,Asia Pacific,India,Aerospace Systems,Flight Control Radar,Maritime,SN-ALPHA-252386,14/9/2023,9/1/2024,30/1/2024,Delivered Delayed,183248,15,2748720,1621662.18,1127057.82,90.3,Level 1 Standard,48
ORD-10126,ALPHA-CNT-2023-576,Ministry of Defense - Canada,North America,Canada,Land Defense,Ballistic Shielding Suite,Airborne,SN-ALPHA-155642,20/6/2024,17/8/2024,,In Production,1201882,4,4807528,3474937.32,1332590.68,99.31,Level 2 Restricted,60
ORD-10127,ALPHA-CNT-2024-369,Ministry of Defense - Japan,Asia Pacific,Japan,Land Defense,Artillery Tracking Unit,Airborne,SN-ALPHA-802812,29/5/2023,11/9/2023,1/9/2023,Delivered On Time,214726,32,6871232,4067024.74,2804207.26,92.86,Level 1 Standard,48
ORD-10128,ALPHA-CNT-2025-331,Ministry of Defense - UK,Europe,UK,Naval Technology,Submarine Communications Module,Airborne,SN-ALPHA-159354,6/5/2025,24/9/2025,14/9/2025,Delivered On Time,994131,23,22865013,14349559.02,8515453.98,93.55,Level 2 Restricted,60
ORD-10129,ALPHA-CNT-2023-957,Ministry of Defense - Qatar,Middle East,Qatar,Aerospace Systems,Flight Control Radar,Ground Tactical,SN-ALPHA-309612,8/11/2025,17/1/2026,7/1/2026,Delivered On Time,757910,6,4547460,3073338.46,1474121.54,88.63,Level 1 Standard,60
ORD-10130,ALPHA-CNT-2024-375,Ministry of Defense - Saudi Arabia,Middle East,Saudi Arabia,Cyber Security,Encrypted Comms Server,Airborne,SN-ALPHA-379947,29/10/2023,23/3/2024,21/3/2024,Delivered On Time,424169,24,10180056,7625983.18,2554072.82,88.45,Level 3 Top Secret,60
ORD-10131,ALPHA-CNT-2025-677,Ministry of Defense - Qatar,Middle East,Qatar,Cyber Security,Threat Intelligence Node,Airborne,SN-ALPHA-886626,1/4/2024,1/5/2024,21/4/2024,Delivered On Time,750270,20,15005400,11026977.91,3978422.09,96.53,Level 1 Standard,24
ORD-10132,ALPHA-CNT-2023-163,Ministry of Defense - UK,Europe,UK,Aerospace Systems,Jet Engine Turbine Component,Airborne,SN-ALPHA-923690,24/11/2025,1/3/2026,28/2/2026,Delivered On Time,140417,37,5195429,3695942.93,1499486.07,94.4,Level 1 Standard,36
ORD-10133,ALPHA-CNT-2024-254,Ministry of Defense - Australia,Asia Pacific,Australia,Aerospace Systems,Flight Control Radar,Digital Command,SN-ALPHA-268752,2/5/2025,7/10/2025,21/11/2025,Delivered Delayed,763611,20,15272220,8994471.88,6277748.12,94.05,Level 3 Top Secret,24
ORD-10134,ALPHA-CNT-2025-870,Ministry of Defense - Chile,LATAM,Chile,Aerospace Systems,Flight Control Radar,Digital Command,SN-ALPHA-400538,2/4/2023,16/6/2023,6/6/2023,Delivered On Time,478638,12,5743656,3944520.87,1799135.13,90.89,Level 1 Standard,60
ORD-10135,ALPHA-CNT-2023-813,Ministry of Defense - Japan,Asia Pacific,Japan,Land Defense,Ballistic Shielding Suite,Ground Tactical,SN-ALPHA-816586,3/12/2024,11/5/2025,11/5/2025,Delivered On Time,1110560,33,36648480,20957859.34,15690620.66,96.86,Level 2 Restricted,36
ORD-10136,ALPHA-CNT-2024-783,Ministry of Defense - USA,North America,USA,Land Defense,Artillery Tracking Unit,Airborne,SN-ALPHA-362732,7/12/2024,2/2/2025,26/2/2025,Delivered Delayed,1187888,28,33260864,21431331.53,11829532.47,90,Level 1 Standard,36
ORD-10137,ALPHA-CNT-2025-199,Ministry of Defense - Qatar,Middle East,Qatar,Land Defense,Armored Tactical Vehicle,Ground Tactical,SN-ALPHA-253541,9/1/2023,25/4/2023,18/4/2023,Delivered On Time,242458,8,1939664,1267335.98,672328.02,90.26,Level 1 Standard,60
ORD-10138,ALPHA-CNT-2023-187,Ministry of Defense - Australia,Asia Pacific,Australia,Tactical Avionics,Tactical Data Link,Airborne,SN-ALPHA-980155,29/10/2025,6/4/2026,,In Production,1181867,1,1181867,661789.81,520077.19,93.48,Level 1 Standard,36
ORD-10139,ALPHA-CNT-2024-784,Ministry of Defense - Chile,LATAM,Chile,Cyber Security,Threat Intelligence Node,Airborne,SN-ALPHA-165046,21/7/2024,9/10/2024,16/10/2024,Delivered Delayed,843567,37,31211979,19304516.15,11907462.85,91.41,Level 3 Top Secret,36
ORD-10140,ALPHA-CNT-2025-452,Ministry of Defense - USA,North America,USA,Cyber Security,Encrypted Comms Server,Airborne,SN-ALPHA-824141,26/11/2023,3/2/2024,25/1/2024,Delivered On Time,574608,22,12641376,9972937.86,2668438.14,90.94,Level 1 Standard,24
ORD-10141,ALPHA-CNT-2023-927,Ministry of Defense - France,Europe,France,Naval Technology,Submarine Communications Module,Ground Tactical,SN-ALPHA-922458,3/4/2023,6/8/2023,3/9/2023,Delivered Delayed,1070462,6,6422772,5063765.8,1359006.2,95.68,Level 1 Standard,36
ORD-10142,ALPHA-CNT-2024-654,Ministry of Defense - Germany,Europe,Germany,Land Defense,Ballistic Shielding Suite,Ground Tactical,SN-ALPHA-409477,8/2/2023,20/4/2023,18/4/2023,Delivered On Time,727044,21,15267924,9742183.87,5525740.13,95.75,Level 2 Restricted,60
ORD-10143,ALPHA-CNT-2025-523,Ministry of Defense - Brazil,LATAM,Brazil,Tactical Avionics,Cockpit Head Up Display,Airborne,SN-ALPHA-313910,2/3/2024,17/8/2024,16/8/2024,Delivered On Time,1023417,32,32749344,18365014.27,14384329.73,97.81,Level 1 Standard,12
ORD-10144,ALPHA-CNT-2023-874,Ministry of Defense - Canada,North America,Canada,Tactical Avionics,Tactical Data Link,Maritime,SN-ALPHA-890200,3/2/2024,17/7/2024,13/7/2024,Delivered On Time,465105,35,16278675,9682128.33,6596546.67,92.97,Level 1 Standard,12
ORD-10145,ALPHA-CNT-2024-703,Ministry of Defense - Qatar,Middle East,Qatar,Cyber Security,Threat Intelligence Node,Ground Tactical,SN-ALPHA-667460,7/3/2023,6/4/2023,1/4/2023,Delivered On Time,1458791,15,21881865,14180639.95,7701225.05,88.87,Level 1 Standard,12
ORD-10146,ALPHA-CNT-2025-332,Ministry of Defense - South Korea,Asia Pacific,South Korea,Land Defense,Artillery Tracking Unit,Digital Command,SN-ALPHA-133875,13/12/2024,4/4/2025,26/5/2025,Delivered Delayed,1353659,5,6768295,5326275.4,1442019.6,91.26,Level 1 Standard,60
ORD-10147,ALPHA-CNT-2023-666,Ministry of Defense - Canada,North America,Canada,Naval Technology,Sonar Detection Array,Ground Tactical,SN-ALPHA-476105,14/6/2024,16/11/2024,10/11/2024,Delivered On Time,1053466,46,48459436,28363296.55,20096139.45,99.66,Level 2 Restricted,12
ORD-10148,ALPHA-CNT-2024-162,Ministry of Defense - Germany,Europe,Germany,Land Defense,Armored Tactical Vehicle,Airborne,SN-ALPHA-953568,25/7/2023,28/8/2023,26/8/2023,Delivered On Time,684151,48,32839248,24329907.94,8509340.06,95.1,Level 2 Restricted,24
ORD-10149,ALPHA-CNT-2025-960,Ministry of Defense - Brazil,LATAM,Brazil,Aerospace Systems,Flight Control Radar,Maritime,SN-ALPHA-574579,3/3/2024,30/4/2024,27/4/2024,Delivered On Time,91777,6,550662,317825.94,232836.06,96.45,Level 3 Top Secret,60
ORD-10150,ALPHA-CNT-2023-496,Ministry of Defense - Chile,LATAM,Chile,Land Defense,Ballistic Shielding Suite,Airborne,SN-ALPHA-207458,3/10/2023,2/2/2024,15/2/2024,Delivered Delayed,96250,25,2406250,1913725.26,492524.74,88.09,Level 1 Standard,60
ORD-10151,ALPHA-CNT-2024-938,Ministry of Defense - Japan,Asia Pacific,Japan,Aerospace Systems,Flight Control Radar,Digital Command,SN-ALPHA-746036,12/2/2025,31/5/2025,23/5/2025,Delivered On Time,941372,46,43303112,27948007.1,15355104.9,94.17,Level 3 Top Secret,60
ORD-10152,ALPHA-CNT-2025-635,Ministry of Defense - Brazil,LATAM,Brazil,Aerospace Systems,Flight Control Radar,Ground Tactical,SN-ALPHA-808340,14/5/2024,13/8/2024,,In Production,1400850,40,56034000,41678573.04,14355426.96,88.45,Level 3 Top Secret,36
ORD-10153,ALPHA-CNT-2023-528,Ministry of Defense - Chile,LATAM,Chile,Naval Technology,Submarine Communications Module,Ground Tactical,SN-ALPHA-875414,24/9/2023,7/11/2023,2/11/2023,Delivered On Time,525147,29,15229263,9680447.08,5548815.92,94.77,Level 1 Standard,36
ORD-10154,ALPHA-CNT-2024-648,Ministry of Defense - USA,North America,USA,Cyber Security,Quantum Cipher Hardware,Airborne,SN-ALPHA-689179,20/12/2024,21/3/2025,,In Production,970041,7,6790287,4800170.8,1990116.2,98.96,Level 2 Restricted,36
ORD-10155,ALPHA-CNT-2025-803,Ministry of Defense - UAE,Middle East,UAE,Land Defense,Ballistic Shielding Suite,Airborne,SN-ALPHA-335203,12/9/2023,5/3/2024,,Under Testing,65216,40,2608640,1559977.21,1048662.79,99.52,Level 2 Restricted,48
ORD-10156,ALPHA-CNT-2023-987,Ministry of Defense - South Korea,Asia Pacific,South Korea,Aerospace Systems,Flight Control Radar,Digital Command,SN-ALPHA-878476,27/2/2024,17/4/2024,,In Production,396293,13,5151809,3021563.05,2130245.95,94.43,Level 1 Standard,24
ORD-10157,ALPHA-CNT-2024-586,Ministry of Defense - Canada,North America,Canada,Land Defense,Armored Tactical Vehicle,Maritime,SN-ALPHA-778553,29/12/2023,18/2/2024,,In Production,577297,38,21937286,17210152.63,4727133.37,93.45,Level 1 Standard,60
ORD-10158,ALPHA-CNT-2025-686,Ministry of Defense - Saudi Arabia,Middle East,Saudi Arabia,Cyber Security,Quantum Cipher Hardware,Digital Command,SN-ALPHA-688534,5/9/2023,6/2/2024,29/1/2024,Delivered On Time,926336,18,16674048,12995950.09,3678097.91,99.25,Level 2 Restricted,60
ORD-10159,ALPHA-CNT-2023-341,Ministry of Defense - USA,North America,USA,Cyber Security,Threat Intelligence Node,Maritime,SN-ALPHA-507777,29/9/2023,15/11/2023,22/12/2023,Delivered Delayed,195281,2,390562,301462.01,89099.99,96.02,Level 1 Standard,36
ORD-10160,ALPHA-CNT-2024-587,Ministry of Defense - Canada,North America,Canada,Tactical Avionics,Night Vision Targeting System,Ground Tactical,SN-ALPHA-349136,16/12/2024,31/5/2025,27/5/2025,Delivered On Time,753803,8,6030424,4259640.42,1770783.58,88.77,Level 1 Standard,60
ORD-10161,ALPHA-CNT-2025-406,Ministry of Defense - Chile,LATAM,Chile,Cyber Security,Threat Intelligence Node,Maritime,SN-ALPHA-635740,22/2/2024,24/4/2024,22/4/2024,Delivered On Time,784803,11,8632833,6492469.27,2140363.73,93.54,Level 1 Standard,60
ORD-10162,ALPHA-CNT-2023-180,Ministry of Defense - Saudi Arabia,Middle East,Saudi Arabia,Naval Technology,Sonar Detection Array,Maritime,SN-ALPHA-922405,6/8/2024,7/10/2024,3/10/2024,Delivered On Time,238069,33,7856277,4456545.67,3399731.33,90.86,Level 2 Restricted,12
ORD-10163,ALPHA-CNT-2024-504,Ministry of Defense - Australia,Asia Pacific,Australia,Aerospace Systems,Jet Engine Turbine Component,Ground Tactical,SN-ALPHA-935540,4/8/2025,2/1/2026,28/2/2026,Delivered Delayed,1462891,38,55589858,35227140.72,20362717.28,93.59,Level 3 Top Secret,60
ORD-10164,ALPHA-CNT-2025-974,Ministry of Defense - South Korea,Asia Pacific,South Korea,Tactical Avionics,Night Vision Targeting System,Ground Tactical,SN-ALPHA-937625,25/5/2024,11/11/2024,4/11/2024,Delivered On Time,164456,48,7893888,4960722.73,2933165.27,93.42,Level 3 Top Secret,48
ORD-10165,ALPHA-CNT-2023-831,Ministry of Defense - Qatar,Middle East,Qatar,Naval Technology,Naval Target Radar,Ground Tactical,SN-ALPHA-829943,22/5/2025,2/8/2025,27/9/2025,Delivered Delayed,1423279,27,38428533,27242422.46,11186110.54,94.93,Level 1 Standard,36
ORD-10166,ALPHA-CNT-2024-135,Ministry of Defense - Chile,LATAM,Chile,Land Defense,Artillery Tracking Unit,Digital Command,SN-ALPHA-401610,16/2/2024,23/5/2024,,In Production,901324,20,18026480,11518730.42,6507749.58,92.25,Level 2 Restricted,24
ORD-10167,ALPHA-CNT-2025-614,Ministry of Defense - Poland,Europe,Poland,Aerospace Systems,Flight Control Radar,Ground Tactical,SN-ALPHA-826596,7/2/2024,21/7/2024,13/8/2024,Delivered Delayed,906841,12,10882092,6389166.72,4492925.28,89.95,Level 1 Standard,24
ORD-10168,ALPHA-CNT-2023-684,Ministry of Defense - USA,North America,USA,Cyber Security,Quantum Cipher Hardware,Airborne,SN-ALPHA-796772,11/8/2024,27/12/2024,17/2/2025,Delivered Delayed,869497,43,37388371,26138837.13,11249533.87,93.99,Level 2 Restricted,12
ORD-10169,ALPHA-CNT-2024-629,Ministry of Defense - Chile,LATAM,Chile,Aerospace Systems,Recon Surveillance Drone,Ground Tactical,SN-ALPHA-149261,14/11/2025,6/2/2026,,In Production,432688,31,13413328,10108230.06,3305097.94,97.88,Level 1 Standard,24
ORD-10170,ALPHA-CNT-2025-919,Ministry of Defense - UAE,Middle East,UAE,Land Defense,Armored Tactical Vehicle,Ground Tactical,SN-ALPHA-500118,15/9/2024,2/3/2025,,Under Testing,1468060,27,39637620,25587307.47,14050312.53,95.9,Level 2 Restricted,24
ORD-10171,ALPHA-CNT-2023-685,Ministry of Defense - Canada,North America,Canada,Tactical Avionics,Tactical Data Link,Ground Tactical,SN-ALPHA-506380,1/10/2023,21/12/2023,19/2/2024,Delivered Delayed,83783,32,2681056,1563235.76,1117820.24,92.03,Level 2 Restricted,36
ORD-10172,ALPHA-CNT-2024-793,Ministry of Defense - Australia,Asia Pacific,Australia,Tactical Avionics,Tactical Data Link,Maritime,SN-ALPHA-536801,29/1/2023,18/5/2023,,In Production,84152,10,841520,504215.26,337304.74,99.13,Level 3 Top Secret,36
ORD-10173,ALPHA-CNT-2025-735,Ministry of Defense - UK,Europe,UK,Tactical Avionics,Night Vision Targeting System,Digital Command,SN-ALPHA-926394,21/3/2025,31/7/2025,,Under Testing,494718,3,1484154,904400.15,579753.85,98.86,Level 1 Standard,48
ORD-10174,ALPHA-CNT-2023-250,Ministry of Defense - Japan,Asia Pacific,Japan,Cyber Security,Threat Intelligence Node,Ground Tactical,SN-ALPHA-818430,1/4/2024,4/8/2024,,Under Testing,198725,45,8942625,5588911.68,3353713.32,90.49,Level 3 Top Secret,12
ORD-10175,ALPHA-CNT-2024-223,Ministry of Defense - Saudi Arabia,Middle East,Saudi Arabia,Naval Technology,Naval Target Radar,Digital Command,SN-ALPHA-427841,2/11/2025,24/3/2026,19/3/2026,Delivered On Time,541215,27,14612805,10385302.51,4227502.49,88.47,Level 3 Top Secret,24
ORD-10176,ALPHA-CNT-2025-875,Ministry of Defense - USA,North America,USA,Naval Technology,Naval Target Radar,Airborne,SN-ALPHA-678944,26/1/2023,7/7/2023,6/7/2023,Delivered On Time,221541,35,7753935,5429587.31,2324347.69,96.82,Level 2 Restricted,48
ORD-10177,ALPHA-CNT-2023-559,Ministry of Defense - Saudi Arabia,Middle East,Saudi Arabia,Aerospace Systems,Jet Engine Turbine Component,Airborne,SN-ALPHA-156415,2/10/2023,24/2/2024,17/2/2024,Delivered On Time,1447203,31,44863293,32481919.85,12381373.15,97.85,Level 1 Standard,12
ORD-10178,ALPHA-CNT-2024-277,Ministry of Defense - USA,North America,USA,Cyber Security,Encrypted Comms Server,Ground Tactical,SN-ALPHA-113595,14/3/2024,13/5/2024,12/5/2024,Delivered On Time,958017,15,14370255,9205951.74,5164303.26,99.52,Level 2 Restricted,24
ORD-10179,ALPHA-CNT-2025-271,Ministry of Defense - Chile,LATAM,Chile,Tactical Avionics,Cockpit Head Up Display,Airborne,SN-ALPHA-879794,24/4/2025,26/7/2025,9/8/2025,Delivered Delayed,371898,16,5950368,4498474.71,1451893.29,98.59,Level 2 Restricted,24
ORD-10180,ALPHA-CNT-2023-316,Ministry of Defense - France,Europe,France,Tactical Avionics,Cockpit Head Up Display,Digital Command,SN-ALPHA-363550,12/12/2023,8/3/2024,30/4/2024,Delivered Delayed,735338,13,9559394,5745405.29,3813988.71,95.15,Level 2 Restricted,36
ORD-10181,ALPHA-CNT-2024-927,Ministry of Defense - Chile,LATAM,Chile,Land Defense,Ballistic Shielding Suite,Maritime,SN-ALPHA-312952,22/2/2024,8/4/2024,,In Production,1186168,49,58122232,38782651.39,19339580.61,94.31,Level 1 Standard,60
ORD-10182,ALPHA-CNT-2025-297,Ministry of Defense - Brazil,LATAM,Brazil,Land Defense,Ballistic Shielding Suite,Ground Tactical,SN-ALPHA-750706,18/6/2024,12/10/2024,9/10/2024,Delivered On Time,1455263,35,50934205,38212607.01,12721597.99,88.33,Level 1 Standard,12
ORD-10183,ALPHA-CNT-2023-229,Ministry of Defense - UAE,Middle East,UAE,Tactical Avionics,Night Vision Targeting System,Airborne,SN-ALPHA-918859,22/5/2023,26/6/2023,,In Production,93169,11,1024859,609831.75,415027.25,90.94,Level 2 Restricted,24
ORD-10184,ALPHA-CNT-2024-143,Ministry of Defense - UK,Europe,UK,Tactical Avionics,Cockpit Head Up Display,Digital Command,SN-ALPHA-564586,8/7/2024,4/1/2025,5/3/2025,Delivered Delayed,104745,21,2199645,1270219.71,929425.29,93.47,Level 1 Standard,12
ORD-10185,ALPHA-CNT-2025-533,Ministry of Defense - Canada,North America,Canada,Cyber Security,Encrypted Comms Server,Digital Command,SN-ALPHA-970300,10/3/2025,28/8/2025,15/10/2025,Delivered Delayed,688273,11,7571003,5836645.14,1734357.86,95.48,Level 2 Restricted,48
ORD-10186,ALPHA-CNT-2023-180,Ministry of Defense - Canada,North America,Canada,Naval Technology,Sonar Detection Array,Airborne,SN-ALPHA-336504,16/6/2023,12/9/2023,,In Production,1088347,30,32650410,20756924.02,11893485.98,94.63,Level 1 Standard,48
ORD-10187,ALPHA-CNT-2024-799,Ministry of Defense - South Korea,Asia Pacific,South Korea,Land Defense,Armored Tactical Vehicle,Digital Command,SN-ALPHA-764575,3/9/2023,1/3/2024,21/4/2024,Delivered Delayed,71067,48,3411216,2459375.98,951840.02,96.84,Level 1 Standard,60
ORD-10188,ALPHA-CNT-2025-545,Ministry of Defense - Canada,North America,Canada,Naval Technology,Naval Target Radar,Digital Command,SN-ALPHA-838857,22/8/2025,16/11/2025,6/11/2025,Delivered On Time,101033,35,3536155,1967294.4,1568860.6,91.33,Level 3 Top Secret,24
ORD-10189,ALPHA-CNT-2023-306,Ministry of Defense - UAE,Middle East,UAE,Cyber Security,Threat Intelligence Node,Ground Tactical,SN-ALPHA-844012,26/9/2023,27/10/2023,,In Production,95256,22,2095632,1514118.69,581513.31,94.72,Level 2 Restricted,36
ORD-10190,ALPHA-CNT-2024-942,Ministry of Defense - Brazil,LATAM,Brazil,Tactical Avionics,Night Vision Targeting System,Digital Command,SN-ALPHA-779091,21/8/2024,8/10/2024,2/10/2024,Delivered On Time,795993,38,30247734,19026590.8,11221143.2,89.05,Level 3 Top Secret,24
ORD-10191,ALPHA-CNT-2025-742,Ministry of Defense - Brazil,LATAM,Brazil,Naval Technology,Submarine Communications Module,Airborne,SN-ALPHA-485604,16/6/2024,31/7/2024,23/7/2024,Delivered On Time,289455,31,8973105,5060249.88,3912855.12,92.92,Level 3 Top Secret,12
ORD-10192,ALPHA-CNT-2023-251,Ministry of Defense - Brazil,LATAM,Brazil,Tactical Avionics,Tactical Data Link,Ground Tactical,SN-ALPHA-891787,1/1/2023,30/3/2023,,In Production,552264,14,7731696,5431154.52,2300541.48,96.93,Level 2 Restricted,48
ORD-10193,ALPHA-CNT-2024-954,Ministry of Defense - Poland,Europe,Poland,Tactical Avionics,Cockpit Head Up Display,Airborne,SN-ALPHA-716966,23/7/2025,8/9/2025,3/9/2025,Delivered On Time,1298993,24,31175832,19023522.43,12152309.57,96.25,Level 2 Restricted,12
ORD-10194,ALPHA-CNT-2025-709,Ministry of Defense - Canada,North America,Canada,Aerospace Systems,Jet Engine Turbine Component,Maritime,SN-ALPHA-673167,10/2/2025,20/3/2025,30/3/2025,Delivered Delayed,989695,49,48495055,31361839.87,17133215.13,99.79,Level 1 Standard,60
ORD-10195,ALPHA-CNT-2023-364,Ministry of Defense - Qatar,Middle East,Qatar,Naval Technology,Sonar Detection Array,Airborne,SN-ALPHA-874320,15/9/2025,7/1/2026,1/1/2026,Delivered On Time,136803,32,4377696,2495922.37,1881773.63,91.31,Level 2 Restricted,48
ORD-10196,ALPHA-CNT-2024-427,Ministry of Defense - Poland,Europe,Poland,Naval Technology,Naval Target Radar,Airborne,SN-ALPHA-732697,29/4/2023,16/6/2023,,In Production,1302390,36,46886040,27512297.52,19373742.48,93.93,Level 3 Top Secret,36
ORD-10197,ALPHA-CNT-2025-844,Ministry of Defense - Japan,Asia Pacific,Japan,Tactical Avionics,Night Vision Targeting System,Ground Tactical,SN-ALPHA-306012,31/5/2023,8/11/2023,8/11/2023,Delivered On Time,168843,32,5402976,3374127.76,2028848.24,91.92,Level 3 Top Secret,48
ORD-10198,ALPHA-CNT-2023-926,Ministry of Defense - UAE,Middle East,UAE,Cyber Security,Threat Intelligence Node,Digital Command,SN-ALPHA-913848,14/7/2023,12/10/2023,,Under Testing,529809,15,7947135,4549256.97,3397878.03,93.24,Level 2 Restricted,24
ORD-10199,ALPHA-CNT-2024-168,Ministry of Defense - UAE,Middle East,UAE,Aerospace Systems,Flight Control Radar,Airborne,SN-ALPHA-860127,30/3/2023,9/7/2023,30/7/2023,Delivered Delayed,603280,43,25941040,20174517.14,5766522.86,98.2,Level 3 Top Secret,24
ORD-10200,ALPHA-CNT-2025-189,Ministry of Defense - Saudi Arabia,Middle East,Saudi Arabia,Tactical Avionics,Night Vision Targeting System,Ground Tactical,SN-ALPHA-302897,13/3/2024,14/8/2024,6/8/2024,Delivered On Time,1311179,35,45891265,25309572.37,20581692.63,96.14,Level 1 Standard,48
ORD-10201,ALPHA-CNT-2023-497,Ministry of Defense - Brazil,LATAM,Brazil,Land Defense,Armored Tactical Vehicle,Maritime,SN-ALPHA-408467,2/9/2025,25/11/2025,7/12/2025,Delivered Delayed,623091,3,1869273,1254216.86,615056.14,98.5,Level 3 Top Secret,60
ORD-10202,ALPHA-CNT-2024-669,Ministry of Defense - Qatar,Middle East,Qatar,Land Defense,Ballistic Shielding Suite,Ground Tactical,SN-ALPHA-570616,28/6/2023,13/12/2023,,Under Testing,1470695,16,23531120,13667153.68,9863966.32,90.42,Level 1 Standard,24
ORD-10203,ALPHA-CNT-2025-506,Ministry of Defense - Canada,North America,Canada,Aerospace Systems,Recon Surveillance Drone,Ground Tactical,SN-ALPHA-286044,8/10/2023,10/12/2023,3/12/2023,Delivered On Time,194282,5,971410,608996.14,362413.86,98.39,Level 3 Top Secret,24
ORD-10204,ALPHA-CNT-2023-665,Ministry of Defense - Saudi Arabia,Middle East,Saudi Arabia,Cyber Security,Quantum Cipher Hardware,Digital Command,SN-ALPHA-815819,14/4/2025,7/10/2025,2/10/2025,Delivered On Time,526545,21,11057445,8641557.91,2415887.09,88.71,Level 1 Standard,36
ORD-10205,ALPHA-CNT-2024-433,Ministry of Defense - Brazil,LATAM,Brazil,Tactical Avionics,Night Vision Targeting System,Airborne,SN-ALPHA-178086,25/2/2025,21/8/2025,11/8/2025,Delivered On Time,1124846,10,11248460,6641356.68,4607103.32,98.57,Level 1 Standard,48
ORD-10206,ALPHA-CNT-2025-977,Ministry of Defense - Saudi Arabia,Middle East,Saudi Arabia,Naval Technology,Submarine Communications Module,Maritime,SN-ALPHA-296059,26/1/2024,25/6/2024,15/6/2024,Delivered On Time,581740,19,11053060,8748033.64,2305026.36,91.92,Level 2 Restricted,24
ORD-10207,ALPHA-CNT-2023-382,Ministry of Defense - India,Asia Pacific,India,Aerospace Systems,Flight Control Radar,Ground Tactical,SN-ALPHA-282237,14/5/2023,14/8/2023,4/9/2023,Delivered Delayed,1402206,25,35055150,21083870.69,13971279.31,91.74,Level 1 Standard,60
ORD-10208,ALPHA-CNT-2024-632,Ministry of Defense - India,Asia Pacific,India,Cyber Security,Quantum Cipher Hardware,Airborne,SN-ALPHA-870786,26/8/2023,24/1/2024,6/3/2024,Delivered Delayed,1113435,4,4453740,3275242.66,1178497.34,94.09,Level 2 Restricted,12
ORD-10209,ALPHA-CNT-2025-569,Ministry of Defense - Brazil,LATAM,Brazil,Naval Technology,Submarine Communications Module,Airborne,SN-ALPHA-638807,2/10/2025,13/2/2026,7/2/2026,Delivered On Time,994740,29,28847460,19808665.63,9038794.37,99.19,Level 3 Top Secret,48
ORD-10210,ALPHA-CNT-2023-994,Ministry of Defense - USA,North America,USA,Land Defense,Armored Tactical Vehicle,Ground Tactical,SN-ALPHA-225151,31/3/2023,17/6/2023,7/6/2023,Delivered On Time,999403,19,18988657,14642527.15,4346129.85,88.57,Level 3 Top Secret,36
ORD-10211,ALPHA-CNT-2024-112,Ministry of Defense - USA,North America,USA,Land Defense,Armored Tactical Vehicle,Airborne,SN-ALPHA-495521,7/3/2023,30/4/2023,28/5/2023,Delivered Delayed,1210038,43,52031634,35823692.28,16207941.72,92.19,Level 3 Top Secret,24
ORD-10212,ALPHA-CNT-2025-905,Ministry of Defense - Poland,Europe,Poland,Naval Technology,Sonar Detection Array,Ground Tactical,SN-ALPHA-142608,11/4/2023,4/6/2023,3/6/2023,Delivered On Time,1246311,2,2492622,1704055.62,788566.38,98.19,Level 1 Standard,60
ORD-10213,ALPHA-CNT-2023-817,Ministry of Defense - Brazil,LATAM,Brazil,Aerospace Systems,Jet Engine Turbine Component,Ground Tactical,SN-ALPHA-549323,9/4/2024,27/8/2024,17/8/2024,Delivered On Time,299737,10,2997370,1795018.49,1202351.51,92.71,Level 3 Top Secret,48
ORD-10214,ALPHA-CNT-2024-738,Ministry of Defense - UAE,Middle East,UAE,Land Defense,Armored Tactical Vehicle,Ground Tactical,SN-ALPHA-392670,31/10/2025,28/2/2026,,In Production,1379773,43,59330239,35097238.39,24233000.61,90.37,Level 3 Top Secret,60
ORD-10215,ALPHA-CNT-2025-701,Ministry of Defense - Chile,LATAM,Chile,Tactical Avionics,Night Vision Targeting System,Maritime,SN-ALPHA-683635,15/9/2025,31/1/2026,19/2/2026,Delivered Delayed,192157,25,4803925,3742845.04,1061079.96,93.06,Level 2 Restricted,60
ORD-10216,ALPHA-CNT-2023-635,Ministry of Defense - France,Europe,France,Naval Technology,Naval Target Radar,Ground Tactical,SN-ALPHA-377075,26/10/2025,10/3/2026,14/4/2026,Delivered Delayed,1450465,20,29009300,18332704.17,10676595.83,92.59,Level 2 Restricted,36
ORD-10217,ALPHA-CNT-2024-900,Ministry of Defense - Chile,LATAM,Chile,Naval Technology,Submarine Communications Module,Digital Command,SN-ALPHA-236384,26/5/2024,22/10/2024,,In Production,240167,48,11528016,7412751.35,4115264.65,98.89,Level 3 Top Secret,48
ORD-10218,ALPHA-CNT-2025-529,Ministry of Defense - Chile,LATAM,Chile,Land Defense,Ballistic Shielding Suite,Airborne,SN-ALPHA-268746,20/4/2025,2/6/2025,2/6/2025,Delivered On Time,643805,19,12232295,9051359.03,3180935.97,97.07,Level 3 Top Secret,24
ORD-10219,ALPHA-CNT-2023-215,Ministry of Defense - Germany,Europe,Germany,Aerospace Systems,Recon Surveillance Drone,Maritime,SN-ALPHA-712353,11/12/2025,4/2/2026,,In Production,1234895,23,28402585,18027287.44,10375297.56,94.01,Level 1 Standard,36
ORD-10220,ALPHA-CNT-2024-524,Ministry of Defense - USA,North America,USA,Tactical Avionics,Night Vision Targeting System,Airborne,SN-ALPHA-987110,28/2/2025,14/4/2025,5/4/2025,Delivered On Time,978057,24,23473368,18497380.44,4975987.56,99.76,Level 1 Standard,24
ORD-10221,ALPHA-CNT-2025-253,Ministry of Defense - UAE,Middle East,UAE,Aerospace Systems,Flight Control Radar,Maritime,SN-ALPHA-367403,1/7/2025,11/11/2025,3/11/2025,Delivered On Time,1325029,11,14575319,10705308.61,3870010.39,93.54,Level 3 Top Secret,12
ORD-10222,ALPHA-CNT-2023-251,Ministry of Defense - Poland,Europe,Poland,Cyber Security,Quantum Cipher Hardware,Digital Command,SN-ALPHA-105919,31/7/2024,24/11/2024,19/11/2024,Delivered On Time,973639,46,44787394,31322391.42,13465002.58,88.69,Level 2 Restricted,60
ORD-10223,ALPHA-CNT-2024-680,Ministry of Defense - South Korea,Asia Pacific,South Korea,Cyber Security,Threat Intelligence Node,Maritime,SN-ALPHA-446620,27/7/2025,22/9/2025,13/9/2025,Delivered On Time,186645,34,6345930,4887786.26,1458143.74,91.12,Level 3 Top Secret,12
ORD-10224,ALPHA-CNT-2025-702,Ministry of Defense - Canada,North America,Canada,Land Defense,Armored Tactical Vehicle,Maritime,SN-ALPHA-588983,15/4/2024,17/7/2024,5/8/2024,Delivered Delayed,1092092,28,30578576,17197436.31,13381139.69,93.19,Level 1 Standard,60
ORD-10225,ALPHA-CNT-2023-696,Ministry of Defense - South Korea,Asia Pacific,South Korea,Land Defense,Ballistic Shielding Suite,Maritime,SN-ALPHA-844163,24/12/2025,13/3/2026,3/3/2026,Delivered On Time,1236837,5,6184185,3798732.56,2385452.44,89.87,Level 2 Restricted,36
ORD-10226,ALPHA-CNT-2024-876,Ministry of Defense - Canada,North America,Canada,Land Defense,Artillery Tracking Unit,Airborne,SN-ALPHA-262325,19/3/2023,5/6/2023,4/6/2023,Delivered On Time,392221,5,1961105,1306604.02,654500.98,99.28,Level 2 Restricted,24
ORD-10227,ALPHA-CNT-2025-202,Ministry of Defense - UAE,Middle East,UAE,Cyber Security,Quantum Cipher Hardware,Ground Tactical,SN-ALPHA-141880,30/12/2023,14/6/2024,4/6/2024,Delivered On Time,486862,21,10224102,6203419.03,4020682.97,97.13,Level 1 Standard,24
ORD-10228,ALPHA-CNT-2023-208,Ministry of Defense - Saudi Arabia,Middle East,Saudi Arabia,Aerospace Systems,Flight Control Radar,Airborne,SN-ALPHA-261169,30/12/2024,23/5/2025,16/5/2025,Delivered On Time,388767,12,4665204,3433479.56,1231724.44,91.19,Level 3 Top Secret,36
ORD-10229,ALPHA-CNT-2024-676,Ministry of Defense - Chile,LATAM,Chile,Aerospace Systems,Recon Surveillance Drone,Ground Tactical,SN-ALPHA-438302,29/2/2024,4/5/2024,22/6/2024,Delivered Delayed,1229580,4,4918320,3835315.81,1083004.19,95.03,Level 3 Top Secret,48
ORD-10230,ALPHA-CNT-2025-898,Ministry of Defense - Australia,Asia Pacific,Australia,Land Defense,Armored Tactical Vehicle,Airborne,SN-ALPHA-725874,13/8/2023,29/12/2023,25/12/2023,Delivered On Time,103687,49,5080663,3332622.94,1748040.06,96.59,Level 3 Top Secret,12
ORD-10231,ALPHA-CNT-2023-203,Ministry of Defense - Canada,North America,Canada,Tactical Avionics,Cockpit Head Up Display,Digital Command,SN-ALPHA-153325,15/7/2023,29/9/2023,14/11/2023,Delivered Delayed,904744,42,37999248,24149781.78,13849466.22,99.2,Level 1 Standard,12
ORD-10232,ALPHA-CNT-2024-904,Ministry of Defense - Qatar,Middle East,Qatar,Aerospace Systems,Recon Surveillance Drone,Digital Command,SN-ALPHA-911242,29/4/2025,8/8/2025,2/8/2025,Delivered On Time,1206191,20,24123820,19067170.2,5056649.8,98.49,Level 2 Restricted,24
ORD-10233,ALPHA-CNT-2025-392,Ministry of Defense - Germany,Europe,Germany,Cyber Security,Threat Intelligence Node,Maritime,SN-ALPHA-755744,16/2/2024,13/7/2024,25/7/2024,Delivered Delayed,443120,38,16838560,11133876.6,5704683.4,94.13,Level 1 Standard,24
ORD-10234,ALPHA-CNT-2023-988,Ministry of Defense - Saudi Arabia,Middle East,Saudi Arabia,Naval Technology,Sonar Detection Array,Digital Command,SN-ALPHA-745512,12/2/2024,15/5/2024,,In Production,601852,25,15046300,10115057.24,4931242.76,97.22,Level 3 Top Secret,24
ORD-10235,ALPHA-CNT-2024-648,Ministry of Defense - UK,Europe,UK,Naval Technology,Naval Target Radar,Maritime,SN-ALPHA-984096,18/2/2024,7/4/2024,5/4/2024,Delivered On Time,1029091,14,14407274,9190579.72,5216694.28,94.69,Level 1 Standard,36
ORD-10236,ALPHA-CNT-2025-452,Ministry of Defense - USA,North America,USA,Naval Technology,Submarine Communications Module,Ground Tactical,SN-ALPHA-794042,18/4/2024,8/9/2024,15/9/2024,Delivered Delayed,581985,11,6401835,4976704.06,1425130.94,94.58,Level 2 Restricted,48
ORD-10237,ALPHA-CNT-2023-998,Ministry of Defense - Saudi Arabia,Middle East,Saudi Arabia,Tactical Avionics,Cockpit Head Up Display,Digital Command,SN-ALPHA-415783,27/12/2024,15/6/2025,15/6/2025,Delivered On Time,654453,32,20942496,14497209.78,6445286.22,89.37,Level 1 Standard,12
ORD-10238,ALPHA-CNT-2024-520,Ministry of Defense - UAE,Middle East,UAE,Land Defense,Ballistic Shielding Suite,Ground Tactical,SN-ALPHA-614379,31/10/2024,25/12/2024,21/12/2024,Delivered On Time,984550,11,10830050,8020124.72,2809925.28,89.5,Level 3 Top Secret,60
ORD-10239,ALPHA-CNT-2025-370,Ministry of Defense - Canada,North America,Canada,Cyber Security,Threat Intelligence Node,Airborne,SN-ALPHA-928278,25/11/2025,6/1/2026,,Under Testing,632111,18,11377998,8567082.7,2810915.3,94.3,Level 2 Restricted,36
ORD-10240,ALPHA-CNT-2023-492,Ministry of Defense - Saudi Arabia,Middle East,Saudi Arabia,Tactical Avionics,Tactical Data Link,Ground Tactical,SN-ALPHA-700495,16/3/2023,31/8/2023,24/8/2023,Delivered On Time,583903,27,15765381,10018304.65,5747076.35,91.2,Level 1 Standard,12
ORD-10241,ALPHA-CNT-2024-770,Ministry of Defense - Poland,Europe,Poland,Cyber Security,Threat Intelligence Node,Airborne,SN-ALPHA-676884,4/4/2025,7/5/2025,6/5/2025,Delivered On Time,556554,18,10017972,6596069.02,3421902.98,88.25,Level 1 Standard,48
ORD-10242,ALPHA-CNT-2025-597,Ministry of Defense - Saudi Arabia,Middle East,Saudi Arabia,Cyber Security,Quantum Cipher Hardware,Ground Tactical,SN-ALPHA-475479,24/8/2024,16/10/2024,27/10/2024,Delivered Delayed,966931,23,22239413,16949055.7,5290357.3,96.6,Level 2 Restricted,36
ORD-10243,ALPHA-CNT-2023-685,Ministry of Defense - India,Asia Pacific,India,Land Defense,Armored Tactical Vehicle,Ground Tactical,SN-ALPHA-176421,21/1/2024,20/4/2024,17/4/2024,Delivered On Time,650724,11,7157964,4586922.38,2571041.62,88.39,Level 2 Restricted,12
ORD-10244,ALPHA-CNT-2024-723,Ministry of Defense - Chile,LATAM,Chile,Naval Technology,Naval Target Radar,Digital Command,SN-ALPHA-922116,2/9/2023,13/11/2023,,In Production,1481282,21,31106922,23283026.67,7823895.33,95.08,Level 3 Top Secret,36
ORD-10245,ALPHA-CNT-2025-584,Ministry of Defense - Poland,Europe,Poland,Land Defense,Ballistic Shielding Suite,Ground Tactical,SN-ALPHA-842057,29/9/2025,10/2/2026,2/2/2026,Delivered On Time,907549,44,39932156,31356648.85,8575507.15,94.42,Level 2 Restricted,12
ORD-10246,ALPHA-CNT-2023-138,Ministry of Defense - Australia,Asia Pacific,Australia,Tactical Avionics,Night Vision Targeting System,Digital Command,SN-ALPHA-433299,1/5/2023,2/10/2023,,In Production,609070,5,3045350,2149415.93,895934.07,99.53,Level 3 Top Secret,12
ORD-10247,ALPHA-CNT-2024-276,Ministry of Defense - Canada,North America,Canada,Tactical Avionics,Night Vision Targeting System,Digital Command,SN-ALPHA-650916,19/6/2025,19/11/2025,2/12/2025,Delivered Delayed,1177109,23,27073507,19910041.74,7163465.26,93.76,Level 1 Standard,48
ORD-10248,ALPHA-CNT-2025-382,Ministry of Defense - France,Europe,France,Tactical Avionics,Cockpit Head Up Display,Maritime,SN-ALPHA-330646,31/5/2023,23/8/2023,21/9/2023,Delivered Delayed,290011,41,11890451,8932990.58,2957460.42,88.76,Level 3 Top Secret,60
ORD-10249,ALPHA-CNT-2023-512,Ministry of Defense - Brazil,LATAM,Brazil,Land Defense,Ballistic Shielding Suite,Maritime,SN-ALPHA-292800,20/6/2023,30/10/2023,,Under Testing,1287903,25,32197575,24510723.12,7686851.88,94.57,Level 1 Standard,48
ORD-10250,ALPHA-CNT-2024-247,Ministry of Defense - Chile,LATAM,Chile,Cyber Security,Quantum Cipher Hardware,Airborne,SN-ALPHA-645895,6/8/2024,20/9/2024,13/9/2024,Delivered On Time,122684,41,5030044,3263308.12,1766735.88,98.01,Level 2 Restricted,12
ORD-10251,ALPHA-CNT-2025-733,Ministry of Defense - Canada,North America,Canada,Cyber Security,Quantum Cipher Hardware,Ground Tactical,SN-ALPHA-171488,1/6/2025,12/8/2025,,Under Testing,1315197,10,13151970,7402137.37,5749832.63,99.86,Level 1 Standard,36
ORD-10252,ALPHA-CNT-2023-723,Ministry of Defense - USA,North America,USA,Aerospace Systems,Jet Engine Turbine Component,Airborne,SN-ALPHA-924451,14/9/2024,19/1/2025,14/1/2025,Delivered On Time,1333871,22,29345162,19088120.17,10257041.83,93.12,Level 2 Restricted,48
ORD-10253,ALPHA-CNT-2024-797,Ministry of Defense - Poland,Europe,Poland,Tactical Avionics,Cockpit Head Up Display,Ground Tactical,SN-ALPHA-629678,24/8/2025,23/9/2025,13/9/2025,Delivered On Time,825723,19,15688737,11271401.42,4417335.58,91.81,Level 1 Standard,60
ORD-10254,ALPHA-CNT-2025-810,Ministry of Defense - Saudi Arabia,Middle East,Saudi Arabia,Cyber Security,Threat Intelligence Node,Maritime,SN-ALPHA-267112,29/3/2025,5/8/2025,28/7/2025,Delivered On Time,997509,1,997509,660937.09,336571.91,98.79,Level 1 Standard,12
ORD-10255,ALPHA-CNT-2023-511,Ministry of Defense - Canada,North America,Canada,Aerospace Systems,Jet Engine Turbine Component,Maritime,SN-ALPHA-536135,7/9/2025,13/12/2025,7/12/2025,Delivered On Time,1004138,7,7028966,5182040.43,1846925.57,90.28,Level 1 Standard,48
ORD-10256,ALPHA-CNT-2024-139,Ministry of Defense - Qatar,Middle East,Qatar,Cyber Security,Encrypted Comms Server,Ground Tactical,SN-ALPHA-669460,8/12/2025,3/5/2026,24/4/2026,Delivered On Time,787651,4,3150604,2014009.77,1136594.23,95.32,Level 1 Standard,48
ORD-10257,ALPHA-CNT-2025-505,Ministry of Defense - India,Asia Pacific,India,Tactical Avionics,Cockpit Head Up Display,Ground Tactical,SN-ALPHA-663123,5/7/2025,16/10/2025,,In Production,761423,1,761423,539609.85,221813.15,92.83,Level 3 Top Secret,48
ORD-10258,ALPHA-CNT-2023-439,Ministry of Defense - Brazil,LATAM,Brazil,Naval Technology,Sonar Detection Array,Maritime,SN-ALPHA-523013,21/5/2024,6/10/2024,,In Production,203466,15,3051990,1820832.35,1231157.65,88.49,Level 1 Standard,48
ORD-10259,ALPHA-CNT-2024-807,Ministry of Defense - Saudi Arabia,Middle East,Saudi Arabia,Tactical Avionics,Cockpit Head Up Display,Maritime,SN-ALPHA-196411,27/4/2023,16/10/2023,,Under Testing,284318,40,11372720,8385588.19,2987131.81,92.13,Level 3 Top Secret,36
ORD-10260,ALPHA-CNT-2025-343,Ministry of Defense - Chile,LATAM,Chile,Land Defense,Armored Tactical Vehicle,Airborne,SN-ALPHA-466375,16/2/2024,19/7/2024,17/7/2024,Delivered On Time,422778,12,5073336,3482459.55,1590876.45,91.16,Level 2 Restricted,60
ORD-10261,ALPHA-CNT-2023-150,Ministry of Defense - Saudi Arabia,Middle East,Saudi Arabia,Cyber Security,Threat Intelligence Node,Maritime,SN-ALPHA-331942,30/1/2024,8/4/2024,9/5/2024,Delivered Delayed,181936,22,4002592,2405622.22,1596969.78,96.16,Level 2 Restricted,60
ORD-10262,ALPHA-CNT-2024-863,Ministry of Defense - India,Asia Pacific,India,Cyber Security,Encrypted Comms Server,Ground Tactical,SN-ALPHA-323717,2/5/2024,19/7/2024,9/7/2024,Delivered On Time,1007726,22,22169972,13811400.24,8358571.76,99.29,Level 3 Top Secret,12
ORD-10263,ALPHA-CNT-2025-586,Ministry of Defense - Canada,North America,Canada,Land Defense,Artillery Tracking Unit,Airborne,SN-ALPHA-795556,5/7/2023,18/10/2023,17/10/2023,Delivered On Time,697952,47,32803744,24181351.31,8622392.69,91.19,Level 2 Restricted,24
ORD-10264,ALPHA-CNT-2023-375,Ministry of Defense - Japan,Asia Pacific,Japan,Land Defense,Ballistic Shielding Suite,Ground Tactical,SN-ALPHA-448005,18/7/2025,11/10/2025,4/10/2025,Delivered On Time,726315,17,12347355,8280757.45,4066597.55,97.66,Level 2 Restricted,36
ORD-10265,ALPHA-CNT-2024-481,Ministry of Defense - USA,North America,USA,Naval Technology,Naval Target Radar,Digital Command,SN-ALPHA-447148,23/8/2023,6/10/2023,27/9/2023,Delivered On Time,422818,29,12261722,7406176.47,4855545.53,88.66,Level 1 Standard,12
ORD-10266,ALPHA-CNT-2025-120,Ministry of Defense - USA,North America,USA,Cyber Security,Threat Intelligence Node,Airborne,SN-ALPHA-478323,29/10/2024,25/4/2025,26/5/2025,Delivered Delayed,1202109,46,55297014,43785159.84,11511854.16,94.4,Level 1 Standard,12
ORD-10267,ALPHA-CNT-2023-445,Ministry of Defense - Brazil,LATAM,Brazil,Cyber Security,Threat Intelligence Node,Ground Tactical,SN-ALPHA-407835,6/4/2025,21/9/2025,13/10/2025,Delivered Delayed,918277,14,12855878,9369122.9,3486755.1,88.84,Level 1 Standard,48
ORD-10268,ALPHA-CNT-2024-937,Ministry of Defense - India,Asia Pacific,India,Naval Technology,Naval Target Radar,Maritime,SN-ALPHA-329056,22/6/2024,6/8/2024,6/8/2024,Delivered On Time,1346573,20,26931460,21256562.61,5674897.39,99.11,Level 3 Top Secret,24
ORD-10269,ALPHA-CNT-2025-912,Ministry of Defense - Qatar,Middle East,Qatar,Aerospace Systems,Recon Surveillance Drone,Digital Command,SN-ALPHA-889216,15/1/2024,4/5/2024,29/4/2024,Delivered On Time,1168166,48,56071968,36826737.51,19245230.49,97.12,Level 3 Top Secret,24
ORD-10270,ALPHA-CNT-2023-410,Ministry of Defense - Australia,Asia Pacific,Australia,Naval Technology,Naval Target Radar,Ground Tactical,SN-ALPHA-748314,7/2/2024,22/3/2024,19/3/2024,Delivered On Time,1488495,33,49120335,32850456.22,16269878.78,95.83,Level 2 Restricted,36
ORD-10271,ALPHA-CNT-2024-418,Ministry of Defense - Chile,LATAM,Chile,Tactical Avionics,Cockpit Head Up Display,Airborne,SN-ALPHA-656268,2/3/2023,13/4/2023,6/4/2023,Delivered On Time,378615,43,16280445,12609022.38,3671422.62,97.8,Level 1 Standard,24
ORD-10272,ALPHA-CNT-2025-387,Ministry of Defense - Canada,North America,Canada,Cyber Security,Encrypted Comms Server,Ground Tactical,SN-ALPHA-597923,29/9/2023,26/3/2024,,Under Testing,531530,15,7972950,5431670.53,2541279.47,95.71,Level 3 Top Secret,12
ORD-10273,ALPHA-CNT-2023-963,Ministry of Defense - Brazil,LATAM,Brazil,Land Defense,Artillery Tracking Unit,Digital Command,SN-ALPHA-688602,1/10/2024,2/3/2025,23/2/2025,Delivered On Time,1404018,12,16848216,12245615.77,4602600.23,99.53,Level 3 Top Secret,24
ORD-10274,ALPHA-CNT-2024-603,Ministry of Defense - Poland,Europe,Poland,Tactical Avionics,Night Vision Targeting System,Airborne,SN-ALPHA-963699,25/12/2023,31/5/2024,28/5/2024,Delivered On Time,1343512,40,53740480,32945236.87,20795243.13,96.5,Level 1 Standard,24
ORD-10275,ALPHA-CNT-2025-978,Ministry of Defense - Poland,Europe,Poland,Cyber Security,Quantum Cipher Hardware,Digital Command,SN-ALPHA-888669,25/5/2023,6/11/2023,1/11/2023,Delivered On Time,459925,20,9198500,6086478.36,3112021.64,99,Level 3 Top Secret,60
ORD-10276,ALPHA-CNT-2023-812,Ministry of Defense - UAE,Middle East,UAE,Naval Technology,Naval Target Radar,Ground Tactical,SN-ALPHA-780840,17/9/2024,26/11/2024,,In Production,1108302,30,33249060,19313131,13935929,94.15,Level 1 Standard,12
ORD-10277,ALPHA-CNT-2024-801,Ministry of Defense - Chile,LATAM,Chile,Tactical Avionics,Night Vision Targeting System,Maritime,SN-ALPHA-109231,23/8/2024,6/10/2024,,Under Testing,241896,38,9192048,5528970.99,3663077.01,89.39,Level 2 Restricted,24
ORD-10278,ALPHA-CNT-2025-200,Ministry of Defense - UAE,Middle East,UAE,Cyber Security,Quantum Cipher Hardware,Maritime,SN-ALPHA-220294,26/9/2024,5/3/2025,16/3/2025,Delivered Delayed,1139118,3,3417354,1880350.7,1537003.3,94.29,Level 2 Restricted,24
ORD-10279,ALPHA-CNT-2023-989,Ministry of Defense - Saudi Arabia,Middle East,Saudi Arabia,Aerospace Systems,Flight Control Radar,Ground Tactical,SN-ALPHA-801432,26/4/2025,15/6/2025,2/8/2025,Delivered Delayed,463461,28,12976908,7264684.14,5712223.86,89.51,Level 2 Restricted,48
ORD-10280,ALPHA-CNT-2024-333,Ministry of Defense - Germany,Europe,Germany,Aerospace Systems,Flight Control Radar,Ground Tactical,SN-ALPHA-462814,23/12/2023,9/3/2024,4/3/2024,Delivered On Time,1133329,26,29466554,23405901.34,6060652.66,95.05,Level 1 Standard,24
ORD-10281,ALPHA-CNT-2025-237,Ministry of Defense - Qatar,Middle East,Qatar,Land Defense,Ballistic Shielding Suite,Ground Tactical,SN-ALPHA-567315,11/12/2025,27/1/2026,19/1/2026,Delivered On Time,916220,30,27486600,16782999.77,10703600.23,93.74,Level 3 Top Secret,24
ORD-10282,ALPHA-CNT-2023-407,Ministry of Defense - Poland,Europe,Poland,Cyber Security,Encrypted Comms Server,Airborne,SN-ALPHA-352023,25/9/2023,11/11/2023,,Under Testing,333460,13,4334980,3103098.66,1231881.34,95.41,Level 2 Restricted,60
ORD-10283,ALPHA-CNT-2024-861,Ministry of Defense - Canada,North America,Canada,Aerospace Systems,Recon Surveillance Drone,Digital Command,SN-ALPHA-773462,23/7/2023,21/10/2023,6/12/2023,Delivered Delayed,283979,13,3691727,2804881.6,886845.4,88.12,Level 2 Restricted,12
ORD-10284,ALPHA-CNT-2025-553,Ministry of Defense - Brazil,LATAM,Brazil,Naval Technology,Submarine Communications Module,Digital Command,SN-ALPHA-743512,25/9/2024,5/2/2025,4/3/2025,Delivered Delayed,658986,2,1317972,906323.37,411648.63,90.32,Level 2 Restricted,36
ORD-10285,ALPHA-CNT-2023-892,Ministry of Defense - Saudi Arabia,Middle East,Saudi Arabia,Cyber Security,Quantum Cipher Hardware,Digital Command,SN-ALPHA-751303,22/9/2024,21/11/2024,29/11/2024,Delivered Delayed,328104,37,12139848,7141704.14,4998143.86,93.85,Level 3 Top Secret,12
ORD-10286,ALPHA-CNT-2024-945,Ministry of Defense - Poland,Europe,Poland,Naval Technology,Sonar Detection Array,Ground Tactical,SN-ALPHA-355671,23/6/2025,15/12/2025,14/1/2026,Delivered Delayed,1129367,49,55338983,40509746.44,14829236.56,99.31,Level 3 Top Secret,48
ORD-10287,ALPHA-CNT-2025-428,Ministry of Defense - India,Asia Pacific,India,Naval Technology,Submarine Communications Module,Digital Command,SN-ALPHA-141814,2/4/2024,4/7/2024,26/7/2024,Delivered Delayed,1075270,38,40860260,28604750.17,12255509.83,92.56,Level 1 Standard,12
ORD-10288,ALPHA-CNT-2023-375,Ministry of Defense - Qatar,Middle East,Qatar,Aerospace Systems,Flight Control Radar,Ground Tactical,SN-ALPHA-815706,19/1/2024,15/7/2024,,Under Testing,337360,2,674720,494443.35,180276.65,93.05,Level 2 Restricted,24
ORD-10289,ALPHA-CNT-2024-846,Ministry of Defense - Canada,North America,Canada,Cyber Security,Quantum Cipher Hardware,Airborne,SN-ALPHA-436526,11/5/2023,20/6/2023,,In Production,1425147,36,51305292,38090929.41,13214362.59,96.5,Level 3 Top Secret,48
ORD-10290,ALPHA-CNT-2025-526,Ministry of Defense - USA,North America,USA,Tactical Avionics,Tactical Data Link,Maritime,SN-ALPHA-499898,27/12/2023,15/2/2024,3/3/2024,Delivered Delayed,647578,26,16837028,13366118.32,3470909.68,95.19,Level 1 Standard,12
ORD-10291,ALPHA-CNT-2023-719,Ministry of Defense - South Korea,Asia Pacific,South Korea,Aerospace Systems,Flight Control Radar,Ground Tactical,SN-ALPHA-934883,2/9/2023,17/1/2024,29/1/2024,Delivered Delayed,621302,11,6834322,4738856.14,2095465.86,91.56,Level 2 Restricted,48
ORD-10292,ALPHA-CNT-2024-761,Ministry of Defense - UK,Europe,UK,Aerospace Systems,Recon Surveillance Drone,Ground Tactical,SN-ALPHA-218881,9/9/2023,6/3/2024,28/2/2024,Delivered On Time,185150,8,1481200,941169.7,540030.3,92.89,Level 3 Top Secret,36
ORD-10293,ALPHA-CNT-2025-191,Ministry of Defense - UAE,Middle East,UAE,Cyber Security,Quantum Cipher Hardware,Maritime,SN-ALPHA-504620,13/5/2023,3/11/2023,13/11/2023,Delivered Delayed,1045893,44,46019292,32771080.55,13248211.45,90.59,Level 3 Top Secret,12
ORD-10294,ALPHA-CNT-2023-292,Ministry of Defense - Germany,Europe,Germany,Cyber Security,Quantum Cipher Hardware,Maritime,SN-ALPHA-369054,15/8/2023,25/1/2024,15/1/2024,Delivered On Time,1149095,40,45963800,26066538.77,19897261.23,99.5,Level 1 Standard,24
ORD-10295,ALPHA-CNT-2024-552,Ministry of Defense - Canada,North America,Canada,Naval Technology,Naval Target Radar,Airborne,SN-ALPHA-666479,19/5/2025,6/9/2025,24/9/2025,Delivered Delayed,623340,43,26803620,20755365.18,6048254.82,89.55,Level 2 Restricted,48
ORD-10296,ALPHA-CNT-2025-316,Ministry of Defense - Germany,Europe,Germany,Cyber Security,Encrypted Comms Server,Digital Command,SN-ALPHA-859143,18/4/2025,23/7/2025,,Under Testing,1112965,22,24485230,14197644.38,10287585.62,92.42,Level 2 Restricted,60
ORD-10297,ALPHA-CNT-2023-943,Ministry of Defense - USA,North America,USA,Naval Technology,Sonar Detection Array,Ground Tactical,SN-ALPHA-396567,7/8/2023,28/10/2023,13/12/2023,Delivered Delayed,408105,20,8162100,5158126.51,3003973.49,88.31,Level 3 Top Secret,48
ORD-10298,ALPHA-CNT-2024-516,Ministry of Defense - Poland,Europe,Poland,Aerospace Systems,Flight Control Radar,Digital Command,SN-ALPHA-125905,27/6/2024,15/10/2024,5/10/2024,Delivered On Time,930147,8,7441176,5610173.04,1831002.96,90.64,Level 2 Restricted,60
ORD-10299,ALPHA-CNT-2025-858,Ministry of Defense - South Korea,Asia Pacific,South Korea,Land Defense,Ballistic Shielding Suite,Ground Tactical,SN-ALPHA-641975,2/10/2023,1/1/2024,23/12/2023,Delivered On Time,887165,29,25727785,17992162.86,7735622.14,97.29,Level 1 Standard,24
ORD-10300,ALPHA-CNT-2023-596,Ministry of Defense - Chile,LATAM,Chile,Tactical Avionics,Cockpit Head Up Display,Airborne,SN-ALPHA-962043,5/9/2025,11/12/2025,11/12/2025,Delivered On Time,922318,40,36892720,23921567.26,12971152.74,90.39,Level 3 Top Secret,36
ORD-10301,ALPHA-CNT-2024-877,Ministry of Defense - Japan,Asia Pacific,Japan,Aerospace Systems,Recon Surveillance Drone,Maritime,SN-ALPHA-907921,17/6/2025,26/10/2025,3/11/2025,Delivered Delayed,1256329,26,32664554,21831645.87,10832908.13,88.95,Level 3 Top Secret,60
ORD-10302,ALPHA-CNT-2025-628,Ministry of Defense - Japan,Asia Pacific,Japan,Cyber Security,Quantum Cipher Hardware,Airborne,SN-ALPHA-493172,8/7/2025,9/9/2025,4/9/2025,Delivered On Time,393150,30,11794500,9006714.81,2787785.19,93.65,Level 1 Standard,36
ORD-10303,ALPHA-CNT-2023-988,Ministry of Defense - Brazil,LATAM,Brazil,Tactical Avionics,Cockpit Head Up Display,Maritime,SN-ALPHA-639292,3/10/2024,17/1/2025,14/1/2025,Delivered On Time,1193489,17,20289313,12883736,7405577,88.12,Level 3 Top Secret,48
ORD-10304,ALPHA-CNT-2024-482,Ministry of Defense - Chile,LATAM,Chile,Land Defense,Artillery Tracking Unit,Digital Command,SN-ALPHA-941814,30/9/2023,24/2/2024,22/2/2024,Delivered On Time,668396,20,13367920,10258707.85,3109212.15,89.01,Level 2 Restricted,24
ORD-10305,ALPHA-CNT-2025-940,Ministry of Defense - UAE,Middle East,UAE,Land Defense,Armored Tactical Vehicle,Digital Command,SN-ALPHA-633447,19/4/2023,7/8/2023,1/10/2023,Delivered Delayed,829091,16,13265456,7588286.65,5677169.35,97.61,Level 2 Restricted,60
ORD-10306,ALPHA-CNT-2023-157,Ministry of Defense - Qatar,Middle East,Qatar,Naval Technology,Sonar Detection Array,Airborne,SN-ALPHA-567200,9/3/2023,26/4/2023,6/6/2023,Delivered Delayed,319637,46,14703302,10942191.6,3761110.4,97.18,Level 3 Top Secret,48
ORD-10307,ALPHA-CNT-2024-627,Ministry of Defense - Australia,Asia Pacific,Australia,Tactical Avionics,Night Vision Targeting System,Maritime,SN-ALPHA-610451,16/10/2023,17/11/2023,14/11/2023,Delivered On Time,119639,43,5144477,3919509.68,1224967.32,98.89,Level 1 Standard,12
ORD-10308,ALPHA-CNT-2025-910,Ministry of Defense - India,Asia Pacific,India,Naval Technology,Naval Target Radar,Airborne,SN-ALPHA-145981,15/7/2024,9/12/2024,8/12/2024,Delivered On Time,1330028,7,9310196,5543797.3,3766398.7,98.17,Level 1 Standard,48
ORD-10309,ALPHA-CNT-2023-262,Ministry of Defense - Canada,North America,Canada,Aerospace Systems,Recon Surveillance Drone,Maritime,SN-ALPHA-410833,14/3/2024,4/9/2024,27/8/2024,Delivered On Time,1415103,16,22641648,14888845.08,7752802.92,96.13,Level 2 Restricted,36
ORD-10310,ALPHA-CNT-2024-167,Ministry of Defense - Canada,North America,Canada,Tactical Avionics,Night Vision Targeting System,Maritime,SN-ALPHA-783176,17/7/2024,10/9/2024,28/9/2024,Delivered Delayed,359378,45,16172010,9563721.5,6608288.5,88.62,Level 1 Standard,24
ORD-10311,ALPHA-CNT-2025-418,Ministry of Defense - Saudi Arabia,Middle East,Saudi Arabia,Aerospace Systems,Jet Engine Turbine Component,Digital Command,SN-ALPHA-301863,25/1/2025,14/3/2025,25/4/2025,Delivered Delayed,1014795,47,47695365,34657886.21,13037478.79,97.32,Level 3 Top Secret,24
ORD-10312,ALPHA-CNT-2023-826,Ministry of Defense - Qatar,Middle East,Qatar,Naval Technology,Submarine Communications Module,Digital Command,SN-ALPHA-435872,23/1/2023,9/7/2023,6/7/2023,Delivered On Time,536084,48,25732032,17596514.07,8135517.93,98.06,Level 3 Top Secret,48
ORD-10313,ALPHA-CNT-2024-618,Ministry of Defense - USA,North America,USA,Tactical Avionics,Cockpit Head Up Display,Maritime,SN-ALPHA-638857,31/7/2023,23/10/2023,19/12/2023,Delivered Delayed,319515,27,8626905,6115016.29,2511888.71,97.51,Level 2 Restricted,12
ORD-10314,ALPHA-CNT-2025-513,Ministry of Defense - Canada,North America,Canada,Naval Technology,Submarine Communications Module,Maritime,SN-ALPHA-186345,19/5/2024,25/10/2024,22/10/2024,Delivered On Time,282520,23,6497960,3893069.11,2604890.89,94.05,Level 2 Restricted,36
ORD-10315,ALPHA-CNT-2023-238,Ministry of Defense - UK,Europe,UK,Tactical Avionics,Cockpit Head Up Display,Maritime,SN-ALPHA-200617,18/6/2025,23/9/2025,,In Production,1342035,24,32208840,19419884.15,12788955.85,90.77,Level 2 Restricted,48
ORD-10316,ALPHA-CNT-2024-899,Ministry of Defense - Poland,Europe,Poland,Naval Technology,Naval Target Radar,Digital Command,SN-ALPHA-275526,13/6/2025,15/8/2025,10/8/2025,Delivered On Time,721986,9,6497874,3641241.8,2856632.2,98.06,Level 1 Standard,48
ORD-10317,ALPHA-CNT-2025-971,Ministry of Defense - USA,North America,USA,Land Defense,Ballistic Shielding Suite,Digital Command,SN-ALPHA-910883,27/4/2025,24/8/2025,22/8/2025,Delivered On Time,287330,35,10056550,6340824.57,3715725.43,96.65,Level 3 Top Secret,24
ORD-10318,ALPHA-CNT-2023-636,Ministry of Defense - France,Europe,France,Naval Technology,Submarine Communications Module,Ground Tactical,SN-ALPHA-664107,2/11/2023,19/12/2023,10/12/2023,Delivered On Time,1204149,20,24082980,16615718.87,7467261.13,99.67,Level 3 Top Secret,36
ORD-10319,ALPHA-CNT-2024-682,Ministry of Defense - Chile,LATAM,Chile,Land Defense,Armored Tactical Vehicle,Maritime,SN-ALPHA-659106,5/11/2024,5/2/2025,10/2/2025,Delivered Delayed,974634,37,36061458,27568397.87,8493060.13,89.85,Level 3 Top Secret,12
ORD-10320,ALPHA-CNT-2025-129,Ministry of Defense - UAE,Middle East,UAE,Naval Technology,Naval Target Radar,Ground Tactical,SN-ALPHA-107686,11/11/2023,14/3/2024,,In Production,187900,42,7891800,5656304.51,2235495.49,90.69,Level 2 Restricted,24
ORD-10321,ALPHA-CNT-2023-277,Ministry of Defense - UAE,Middle East,UAE,Tactical Avionics,Night Vision Targeting System,Maritime,SN-ALPHA-757386,12/5/2023,22/8/2023,18/8/2023,Delivered On Time,369658,17,6284186,4140330.17,2143855.83,90.52,Level 3 Top Secret,48
ORD-10322,ALPHA-CNT-2024-297,Ministry of Defense - USA,North America,USA,Tactical Avionics,Tactical Data Link,Digital Command,SN-ALPHA-168652,26/9/2025,5/12/2025,2/2/2026,Delivered Delayed,550364,47,25867108,20390524.63,5476583.37,97.43,Level 1 Standard,24
ORD-10323,ALPHA-CNT-2025-996,Ministry of Defense - South Korea,Asia Pacific,South Korea,Tactical Avionics,Tactical Data Link,Ground Tactical,SN-ALPHA-321020,17/12/2024,8/5/2025,22/5/2025,Delivered Delayed,1334283,31,41362773,30187019.14,11175753.86,90.22,Level 1 Standard,24
ORD-10324,ALPHA-CNT-2023-952,Ministry of Defense - Canada,North America,Canada,Cyber Security,Encrypted Comms Server,Ground Tactical,SN-ALPHA-802897,22/9/2024,10/3/2025,8/3/2025,Delivered On Time,748419,8,5987352,4685350.22,1302001.78,88.79,Level 3 Top Secret,60
ORD-10325,ALPHA-CNT-2024-305,Ministry of Defense - France,Europe,France,Aerospace Systems,Jet Engine Turbine Component,Airborne,SN-ALPHA-760093,11/10/2025,26/1/2026,18/1/2026,Delivered On Time,573116,15,8596740,5862091.16,2734648.84,99.88,Level 2 Restricted,24
ORD-10326,ALPHA-CNT-2025-957,Ministry of Defense - India,Asia Pacific,India,Tactical Avionics,Tactical Data Link,Maritime,SN-ALPHA-911159,20/1/2024,3/7/2024,,In Production,563066,31,17455046,10730071.81,6724974.19,88.3,Level 3 Top Secret,24
ORD-10327,ALPHA-CNT-2023-159,Ministry of Defense - Germany,Europe,Germany,Land Defense,Armored Tactical Vehicle,Digital Command,SN-ALPHA-323530,22/7/2024,23/8/2024,19/8/2024,Delivered On Time,314179,30,9425370,5308431.27,4116938.73,97.94,Level 1 Standard,36
ORD-10328,ALPHA-CNT-2024-355,Ministry of Defense - Chile,LATAM,Chile,Tactical Avionics,Tactical Data Link,Airborne,SN-ALPHA-818699,4/7/2023,22/12/2023,20/12/2023,Delivered On Time,1208343,46,55583778,40660712.7,14923065.3,92.35,Level 1 Standard,24
ORD-10329,ALPHA-CNT-2025-133,Ministry of Defense - France,Europe,France,Cyber Security,Quantum Cipher Hardware,Airborne,SN-ALPHA-544815,17/4/2024,1/8/2024,,Under Testing,483961,20,9679220,5617100.6,4062119.4,98.02,Level 1 Standard,12
ORD-10330,ALPHA-CNT-2023-567,Ministry of Defense - Chile,LATAM,Chile,Land Defense,Armored Tactical Vehicle,Maritime,SN-ALPHA-976258,11/7/2025,5/9/2025,4/9/2025,Delivered On Time,591529,39,23069631,14434524.67,8635106.33,94.6,Level 3 Top Secret,48
ORD-10331,ALPHA-CNT-2024-151,Ministry of Defense - Brazil,LATAM,Brazil,Cyber Security,Encrypted Comms Server,Airborne,SN-ALPHA-208975,14/10/2025,17/12/2025,7/12/2025,Delivered On Time,627263,12,7527156,5141933.7,2385222.3,98.73,Level 1 Standard,36
ORD-10332,ALPHA-CNT-2025-469,Ministry of Defense - Poland,Europe,Poland,Land Defense,Ballistic Shielding Suite,Maritime,SN-ALPHA-315565,6/9/2024,12/12/2024,12/12/2024,Delivered On Time,204226,49,10007074,6915930.34,3091143.66,99.02,Level 2 Restricted,24
ORD-10333,ALPHA-CNT-2023-821,Ministry of Defense - Poland,Europe,Poland,Naval Technology,Naval Target Radar,Airborne,SN-ALPHA-663876,2/11/2025,31/12/2025,,Under Testing,1012454,17,17211718,12050712.06,5161005.94,88.11,Level 3 Top Secret,12
ORD-10334,ALPHA-CNT-2024-303,Ministry of Defense - Chile,LATAM,Chile,Aerospace Systems,Jet Engine Turbine Component,Maritime,SN-ALPHA-969005,28/5/2023,24/7/2023,22/7/2023,Delivered On Time,541818,42,22756356,13461837.17,9294518.83,88.9,Level 3 Top Secret,48
ORD-10335,ALPHA-CNT-2025-380,Ministry of Defense - Japan,Asia Pacific,Japan,Aerospace Systems,Jet Engine Turbine Component,Digital Command,SN-ALPHA-836879,1/3/2023,19/8/2023,19/8/2023,Delivered On Time,106396,30,3191880,2058553.06,1133326.94,90.98,Level 1 Standard,36
ORD-10336,ALPHA-CNT-2023-477,Ministry of Defense - Chile,LATAM,Chile,Cyber Security,Threat Intelligence Node,Maritime,SN-ALPHA-877388,27/3/2025,4/6/2025,30/5/2025,Delivered On Time,168920,29,4898680,3450133.25,1448546.75,95.96,Level 1 Standard,12
ORD-10337,ALPHA-CNT-2024-943,Ministry of Defense - UAE,Middle East,UAE,Aerospace Systems,Jet Engine Turbine Component,Maritime,SN-ALPHA-912863,4/3/2024,11/6/2024,8/6/2024,Delivered On Time,456547,19,8674393,6874063.64,1800329.36,98.57,Level 2 Restricted,24
ORD-10338,ALPHA-CNT-2025-575,Ministry of Defense - Brazil,LATAM,Brazil,Cyber Security,Encrypted Comms Server,Ground Tactical,SN-ALPHA-556379,27/2/2024,8/6/2024,30/5/2024,Delivered On Time,244999,46,11269954,8248567.06,3021386.94,93.47,Level 3 Top Secret,60
ORD-10339,ALPHA-CNT-2023-617,Ministry of Defense - Japan,Asia Pacific,Japan,Cyber Security,Encrypted Comms Server,Digital Command,SN-ALPHA-777968,7/2/2025,1/5/2025,26/4/2025,Delivered On Time,113014,11,1243154,970469.34,272684.66,95.22,Level 1 Standard,60
ORD-10340,ALPHA-CNT-2024-506,Ministry of Defense - Saudi Arabia,Middle East,Saudi Arabia,Cyber Security,Encrypted Comms Server,Digital Command,SN-ALPHA-956429,13/2/2025,10/6/2025,16/6/2025,Delivered Delayed,644699,34,21919766,16232748.79,5687017.21,90.24,Level 2 Restricted,36
ORD-10341,ALPHA-CNT-2025-750,Ministry of Defense - USA,North America,USA,Aerospace Systems,Recon Surveillance Drone,Digital Command,SN-ALPHA-175623,26/6/2025,16/9/2025,14/9/2025,Delivered On Time,235550,7,1648850,1150780.63,498069.37,97.58,Level 1 Standard,12
ORD-10342,ALPHA-CNT-2023-226,Ministry of Defense - USA,North America,USA,Cyber Security,Quantum Cipher Hardware,Airborne,SN-ALPHA-883171,26/12/2025,2/4/2026,29/3/2026,Delivered On Time,1285382,44,56556808,33821301.6,22735506.4,99.51,Level 3 Top Secret,48
ORD-10343,ALPHA-CNT-2024-797,Ministry of Defense - Australia,Asia Pacific,Australia,Aerospace Systems,Jet Engine Turbine Component,Ground Tactical,SN-ALPHA-819368,5/12/2025,13/5/2026,13/5/2026,Delivered On Time,1083994,34,36855796,26413495.4,10442300.6,91.2,Level 1 Standard,12
ORD-10344,ALPHA-CNT-2025-131,Ministry of Defense - Brazil,LATAM,Brazil,Cyber Security,Threat Intelligence Node,Digital Command,SN-ALPHA-261223,1/5/2024,3/10/2024,1/10/2024,Delivered On Time,388585,20,7771700,5485614.74,2286085.26,93.89,Level 3 Top Secret,60
ORD-10345,ALPHA-CNT-2023-347,Ministry of Defense - Germany,Europe,Germany,Tactical Avionics,Tactical Data Link,Airborne,SN-ALPHA-124906,29/7/2024,31/10/2024,25/10/2024,Delivered On Time,1144697,38,43498486,30475791.49,13022694.51,89.02,Level 1 Standard,36
ORD-10346,ALPHA-CNT-2024-481,Ministry of Defense - South Korea,Asia Pacific,South Korea,Cyber Security,Encrypted Comms Server,Airborne,SN-ALPHA-581532,5/4/2024,18/5/2024,25/6/2024,Delivered Delayed,1094890,24,26277360,17670117.89,8607242.11,94.65,Level 3 Top Secret,24
ORD-10347,ALPHA-CNT-2025-600,Ministry of Defense - Qatar,Middle East,Qatar,Land Defense,Ballistic Shielding Suite,Airborne,SN-ALPHA-851690,30/9/2024,22/11/2024,21/11/2024,Delivered On Time,372341,10,3723410,2539976.82,1183433.18,93.98,Level 2 Restricted,12
ORD-10348,ALPHA-CNT-2023-708,Ministry of Defense - Saudi Arabia,Middle East,Saudi Arabia,Cyber Security,Threat Intelligence Node,Ground Tactical,SN-ALPHA-447828,18/10/2024,5/3/2025,4/3/2025,Delivered On Time,1183153,32,37860896,23989066.23,13871829.77,89.72,Level 3 Top Secret,60
ORD-10349,ALPHA-CNT-2024-556,Ministry of Defense - Canada,North America,Canada,Naval Technology,Naval Target Radar,Airborne,SN-ALPHA-139726,16/5/2024,24/8/2024,17/8/2024,Delivered On Time,406778,15,6101670,4148087.17,1953582.83,93.26,Level 2 Restricted,48
ORD-10350,ALPHA-CNT-2025-281,Ministry of Defense - UAE,Middle East,UAE,Cyber Security,Quantum Cipher Hardware,Ground Tactical,SN-ALPHA-191772,19/6/2023,30/7/2023,,In Production,1347682,37,49864234,29888072.18,19976161.82,91.98,Level 3 Top Secret,36
ORD-10351,ALPHA-CNT-2023-991,Ministry of Defense - India,Asia Pacific,India,Land Defense,Armored Tactical Vehicle,Maritime,SN-ALPHA-176806,3/1/2024,2/2/2024,6/3/2024,Delivered Delayed,1085141,20,21702820,16305189.75,5397630.25,94.21,Level 2 Restricted,24
ORD-10352,ALPHA-CNT-2024-585,Ministry of Defense - Qatar,Middle East,Qatar,Land Defense,Artillery Tracking Unit,Airborne,SN-ALPHA-156904,7/7/2025,30/10/2025,23/12/2025,Delivered Delayed,710197,3,2130591,1270778.73,859812.27,94.97,Level 1 Standard,12
ORD-10353,ALPHA-CNT-2025-700,Ministry of Defense - Australia,Asia Pacific,Australia,Aerospace Systems,Jet Engine Turbine Component,Digital Command,SN-ALPHA-286638,8/8/2023,10/10/2023,5/10/2023,Delivered On Time,555200,37,20542400,11734672.88,8807727.12,88.1,Level 3 Top Secret,48
ORD-10354,ALPHA-CNT-2023-664,Ministry of Defense - Germany,Europe,Germany,Tactical Avionics,Tactical Data Link,Airborne,SN-ALPHA-932794,1/4/2025,7/7/2025,,In Production,526379,40,21055160,13876645.47,7178514.53,97.06,Level 1 Standard,24
ORD-10355,ALPHA-CNT-2024-458,Ministry of Defense - Canada,North America,Canada,Cyber Security,Threat Intelligence Node,Maritime,SN-ALPHA-364144,20/10/2024,30/12/2024,22/12/2024,Delivered On Time,575754,8,4606032,3291363.88,1314668.12,96.48,Level 2 Restricted,60
ORD-10356,ALPHA-CNT-2025-452,Ministry of Defense - Saudi Arabia,Middle East,Saudi Arabia,Aerospace Systems,Jet Engine Turbine Component,Maritime,SN-ALPHA-685193,5/9/2025,26/1/2026,17/1/2026,Delivered On Time,1086149,40,43445960,28649534.92,14796425.08,92.36,Level 3 Top Secret,60
ORD-10357,ALPHA-CNT-2023-267,Ministry of Defense - Japan,Asia Pacific,Japan,Tactical Avionics,Night Vision Targeting System,Airborne,SN-ALPHA-173863,24/1/2023,14/7/2023,13/7/2023,Delivered On Time,396030,44,17425320,10789558.33,6635761.67,88.63,Level 3 Top Secret,48
ORD-10358,ALPHA-CNT-2024-957,Ministry of Defense - Brazil,LATAM,Brazil,Cyber Security,Threat Intelligence Node,Maritime,SN-ALPHA-702891,29/2/2024,17/7/2024,10/7/2024,Delivered On Time,378055,23,8695265,5995757.34,2699507.66,96.98,Level 1 Standard,60
ORD-10359,ALPHA-CNT-2025-364,Ministry of Defense - Canada,North America,Canada,Naval Technology,Sonar Detection Array,Ground Tactical,SN-ALPHA-961530,11/1/2024,2/7/2024,,Under Testing,138422,40,5536880,3525611.57,2011268.43,99.37,Level 3 Top Secret,36
ORD-10360,ALPHA-CNT-2023-866,Ministry of Defense - Poland,Europe,Poland,Cyber Security,Quantum Cipher Hardware,Ground Tactical,SN-ALPHA-338703,29/1/2024,1/3/2024,7/4/2024,Delivered Delayed,1065691,11,11722601,9181339.48,2541261.52,90.86,Level 3 Top Secret,48
ORD-10361,ALPHA-CNT-2024-950,Ministry of Defense - India,Asia Pacific,India,Land Defense,Artillery Tracking Unit,Airborne,SN-ALPHA-371212,20/6/2023,17/8/2023,14/8/2023,Delivered On Time,385513,46,17733598,13843933.4,3889664.6,91.85,Level 1 Standard,60
ORD-10362,ALPHA-CNT-2025-805,Ministry of Defense - UK,Europe,UK,Land Defense,Artillery Tracking Unit,Ground Tactical,SN-ALPHA-527433,30/11/2025,18/1/2026,3/3/2026,Delivered Delayed,1391293,8,11130344,7519581.99,3610762.01,90.19,Level 3 Top Secret,12
ORD-10363,ALPHA-CNT-2023-192,Ministry of Defense - Germany,Europe,Germany,Naval Technology,Submarine Communications Module,Ground Tactical,SN-ALPHA-506881,22/11/2025,29/1/2026,,Under Testing,1008378,29,29242962,18480703.89,10762258.11,94.87,Level 1 Standard,60
ORD-10364,ALPHA-CNT-2024-391,Ministry of Defense - UAE,Middle East,UAE,Aerospace Systems,Recon Surveillance Drone,Digital Command,SN-ALPHA-573039,10/1/2025,28/6/2025,,In Production,782722,30,23481660,17242186.18,6239473.82,89.84,Level 1 Standard,36
ORD-10365,ALPHA-CNT-2025-128,Ministry of Defense - Saudi Arabia,Middle East,Saudi Arabia,Tactical Avionics,Tactical Data Link,Airborne,SN-ALPHA-760830,25/11/2025,3/1/2026,10/1/2026,Delivered Delayed,936388,10,9363880,5236077.9,4127802.1,92.24,Level 1 Standard,24
ORD-10366,ALPHA-CNT-2023-495,Ministry of Defense - Japan,Asia Pacific,Japan,Cyber Security,Encrypted Comms Server,Maritime,SN-ALPHA-524094,10/1/2025,14/5/2025,,In Production,1250847,39,48783033,32620836.17,16162196.83,96.29,Level 1 Standard,24
ORD-10367,ALPHA-CNT-2024-150,Ministry of Defense - Brazil,LATAM,Brazil,Land Defense,Armored Tactical Vehicle,Airborne,SN-ALPHA-554059,19/1/2025,17/7/2025,,Under Testing,1084104,28,30354912,19247468.36,11107443.64,94.67,Level 1 Standard,60
ORD-10368,ALPHA-CNT-2025-266,Ministry of Defense - Australia,Asia Pacific,Australia,Aerospace Systems,Flight Control Radar,Ground Tactical,SN-ALPHA-431773,26/7/2023,13/1/2024,4/3/2024,Delivered Delayed,403548,49,19773852,15426253.69,4347598.31,92.6,Level 2 Restricted,24
ORD-10369,ALPHA-CNT-2023-974,Ministry of Defense - Chile,LATAM,Chile,Naval Technology,Submarine Communications Module,Digital Command,SN-ALPHA-117711,30/6/2025,5/9/2025,26/8/2025,Delivered On Time,894156,36,32189616,17800882.01,14388733.99,93,Level 2 Restricted,60
ORD-10370,ALPHA-CNT-2024-685,Ministry of Defense - France,Europe,France,Land Defense,Artillery Tracking Unit,Airborne,SN-ALPHA-508422,28/11/2024,17/4/2025,9/4/2025,Delivered On Time,1266053,13,16458689,11326930.98,5131758.02,94.69,Level 1 Standard,36
ORD-10371,ALPHA-CNT-2025-898,Ministry of Defense - USA,North America,USA,Naval Technology,Submarine Communications Module,Airborne,SN-ALPHA-806004,28/4/2023,29/6/2023,,In Production,1327880,32,42492160,31238786.85,11253373.15,88.07,Level 2 Restricted,24
ORD-10372,ALPHA-CNT-2023-319,Ministry of Defense - India,Asia Pacific,India,Cyber Security,Encrypted Comms Server,Ground Tactical,SN-ALPHA-224052,14/5/2024,23/6/2024,19/6/2024,Delivered On Time,1076163,36,38741868,26005653.11,12736214.89,88.93,Level 2 Restricted,12
ORD-10373,ALPHA-CNT-2024-977,Ministry of Defense - Japan,Asia Pacific,Japan,Tactical Avionics,Night Vision Targeting System,Ground Tactical,SN-ALPHA-660814,30/12/2025,17/4/2026,,In Production,865363,37,32018431,18293754.81,13724676.19,98.49,Level 3 Top Secret,60
ORD-10374,ALPHA-CNT-2025-326,Ministry of Defense - Chile,LATAM,Chile,Land Defense,Ballistic Shielding Suite,Airborne,SN-ALPHA-106185,2/9/2023,3/1/2024,27/12/2023,Delivered On Time,1440598,26,37455548,29706569.97,7748978.03,88.93,Level 1 Standard,24
ORD-10375,ALPHA-CNT-2023-762,Ministry of Defense - Poland,Europe,Poland,Land Defense,Armored Tactical Vehicle,Ground Tactical,SN-ALPHA-772580,18/4/2024,28/5/2024,18/5/2024,Delivered On Time,402621,22,8857662,6018804.43,2838857.57,96.41,Level 2 Restricted,36
ORD-10376,ALPHA-CNT-2024-330,Ministry of Defense - France,Europe,France,Cyber Security,Threat Intelligence Node,Ground Tactical,SN-ALPHA-855274,31/7/2024,29/11/2024,29/11/2024,Delivered On Time,522697,4,2090788,1470966.71,619821.29,98.95,Level 3 Top Secret,36
ORD-10377,ALPHA-CNT-2025-793,Ministry of Defense - Chile,LATAM,Chile,Aerospace Systems,Jet Engine Turbine Component,Ground Tactical,SN-ALPHA-748386,14/1/2025,7/4/2025,7/4/2025,Delivered On Time,781658,31,24231398,14760615.35,9470782.65,91.22,Level 3 Top Secret,12
ORD-10378,ALPHA-CNT-2023-311,Ministry of Defense - Poland,Europe,Poland,Tactical Avionics,Night Vision Targeting System,Ground Tactical,SN-ALPHA-166309,30/11/2025,3/3/2026,,Under Testing,735493,18,13238874,8881623.26,4357250.74,92.41,Level 1 Standard,36
ORD-10379,ALPHA-CNT-2024-375,Ministry of Defense - Qatar,Middle East,Qatar,Land Defense,Ballistic Shielding Suite,Ground Tactical,SN-ALPHA-892682,21/2/2025,18/4/2025,,In Production,817976,38,31083088,20430521.26,10652566.74,94.77,Level 1 Standard,36
ORD-10380,ALPHA-CNT-2025-767,Ministry of Defense - USA,North America,USA,Tactical Avionics,Night Vision Targeting System,Digital Command,SN-ALPHA-882186,8/12/2025,7/4/2026,,In Production,1468006,24,35232144,20037364.47,15194779.53,98.49,Level 3 Top Secret,24
ORD-10381,ALPHA-CNT-2023-519,Ministry of Defense - South Korea,Asia Pacific,South Korea,Land Defense,Artillery Tracking Unit,Ground Tactical,SN-ALPHA-714054,5/9/2024,25/2/2025,1/4/2025,Delivered Delayed,528705,23,12160215,7010851.43,5149363.57,99.21,Level 1 Standard,60
ORD-10382,ALPHA-CNT-2024-625,Ministry of Defense - Canada,North America,Canada,Tactical Avionics,Cockpit Head Up Display,Maritime,SN-ALPHA-147727,28/1/2025,11/6/2025,5/6/2025,Delivered On Time,352619,22,7757618,5890887.87,1866730.13,96.8,Level 1 Standard,48
ORD-10383,ALPHA-CNT-2025-120,Ministry of Defense - India,Asia Pacific,India,Naval Technology,Submarine Communications Module,Airborne,SN-ALPHA-834928,3/11/2024,11/1/2025,5/1/2025,Delivered On Time,656954,2,1313908,801424.74,512483.26,89.03,Level 3 Top Secret,36
ORD-10384,ALPHA-CNT-2023-985,Ministry of Defense - Qatar,Middle East,Qatar,Land Defense,Ballistic Shielding Suite,Digital Command,SN-ALPHA-989455,5/11/2023,3/2/2024,22/3/2024,Delivered Delayed,408766,31,12671746,7587075.72,5084670.28,95.96,Level 3 Top Secret,36
ORD-10385,ALPHA-CNT-2024-899,Ministry of Defense - Germany,Europe,Germany,Tactical Avionics,Tactical Data Link,Digital Command,SN-ALPHA-176115,2/6/2025,12/8/2025,11/8/2025,Delivered On Time,157573,11,1733303,1172107.78,561195.22,92.88,Level 1 Standard,48
ORD-10386,ALPHA-CNT-2025-885,Ministry of Defense - Chile,LATAM,Chile,Aerospace Systems,Recon Surveillance Drone,Ground Tactical,SN-ALPHA-475075,14/12/2023,27/2/2024,20/2/2024,Delivered On Time,319152,28,8936256,6632371.09,2303884.91,93.6,Level 2 Restricted,36
ORD-10387,ALPHA-CNT-2023-798,Ministry of Defense - Qatar,Middle East,Qatar,Naval Technology,Submarine Communications Module,Airborne,SN-ALPHA-627262,7/8/2025,20/12/2025,13/12/2025,Delivered On Time,360435,46,16580010,9375773.97,7204236.03,88.58,Level 1 Standard,24
ORD-10388,ALPHA-CNT-2024-109,Ministry of Defense - USA,North America,USA,Naval Technology,Sonar Detection Array,Maritime,SN-ALPHA-211291,17/7/2024,22/8/2024,21/8/2024,Delivered On Time,208477,32,6671264,4631204.68,2040059.32,90.27,Level 2 Restricted,24
ORD-10389,ALPHA-CNT-2025-585,Ministry of Defense - Brazil,LATAM,Brazil,Aerospace Systems,Flight Control Radar,Ground Tactical,SN-ALPHA-403915,15/9/2023,29/11/2023,,Under Testing,1346717,5,6733585,3904150.16,2829434.84,97.41,Level 3 Top Secret,48
ORD-10390,ALPHA-CNT-2023-235,Ministry of Defense - France,Europe,France,Tactical Avionics,Cockpit Head Up Display,Airborne,SN-ALPHA-925115,17/3/2023,10/7/2023,,In Production,348530,38,13244140,7405000.82,5839139.18,93.4,Level 2 Restricted,36
ORD-10391,ALPHA-CNT-2024-762,Ministry of Defense - UAE,Middle East,UAE,Cyber Security,Threat Intelligence Node,Ground Tactical,SN-ALPHA-819195,24/5/2023,6/10/2023,5/10/2023,Delivered On Time,1250475,10,12504750,7042499.98,5462250.02,91.59,Level 3 Top Secret,36
ORD-10392,ALPHA-CNT-2025-277,Ministry of Defense - Brazil,LATAM,Brazil,Aerospace Systems,Flight Control Radar,Ground Tactical,SN-ALPHA-415989,27/4/2025,29/7/2025,23/8/2025,Delivered Delayed,869472,40,34778880,26381207.35,8397672.65,92.57,Level 1 Standard,60
ORD-10393,ALPHA-CNT-2023-715,Ministry of Defense - Saudi Arabia,Middle East,Saudi Arabia,Tactical Avionics,Cockpit Head Up Display,Ground Tactical,SN-ALPHA-736030,3/12/2023,10/3/2024,22/4/2024,Delivered Delayed,390687,46,17971602,10414419.73,7557182.27,98.17,Level 1 Standard,36
ORD-10394,ALPHA-CNT-2024-920,Ministry of Defense - UAE,Middle East,UAE,Aerospace Systems,Recon Surveillance Drone,Ground Tactical,SN-ALPHA-190707,24/2/2024,4/5/2024,2/5/2024,Delivered On Time,1065197,24,25564728,14349170.99,11215557.01,96.91,Level 3 Top Secret,24
ORD-10395,ALPHA-CNT-2025-108,Ministry of Defense - Germany,Europe,Germany,Aerospace Systems,Recon Surveillance Drone,Ground Tactical,SN-ALPHA-395192,20/12/2024,15/2/2025,,In Production,609603,35,21336105,14070627.24,7265477.76,91.24,Level 3 Top Secret,12
ORD-10396,ALPHA-CNT-2023-329,Ministry of Defense - South Korea,Asia Pacific,South Korea,Land Defense,Armored Tactical Vehicle,Ground Tactical,SN-ALPHA-902448,18/12/2025,24/4/2026,,In Production,1396652,44,61452688,46765395.28,14687292.72,89.4,Level 3 Top Secret,12
ORD-10397,ALPHA-CNT-2024-358,Ministry of Defense - Brazil,LATAM,Brazil,Tactical Avionics,Night Vision Targeting System,Ground Tactical,SN-ALPHA-558936,23/12/2024,31/1/2025,30/1/2025,Delivered On Time,464380,48,22290240,13721918.42,8568321.58,91,Level 1 Standard,12
ORD-10398,ALPHA-CNT-2025-722,Ministry of Defense - Poland,Europe,Poland,Cyber Security,Threat Intelligence Node,Maritime,SN-ALPHA-499941,28/8/2025,25/1/2026,23/1/2026,Delivered On Time,1230594,23,28303662,18551016.95,9752645.05,98.96,Level 1 Standard,12
ORD-10399,ALPHA-CNT-2023-924,Ministry of Defense - Saudi Arabia,Middle East,Saudi Arabia,Land Defense,Ballistic Shielding Suite,Digital Command,SN-ALPHA-514306,15/1/2025,11/4/2025,7/4/2025,Delivered On Time,851125,17,14469125,8102429.78,6366695.22,94.92,Level 2 Restricted,36
ORD-10400,ALPHA-CNT-2024-412,Ministry of Defense - Germany,Europe,Germany,Aerospace Systems,Flight Control Radar,Maritime,SN-ALPHA-962057,31/7/2024,20/10/2024,11/10/2024,Delivered On Time,339385,1,339385,224764.38,114620.62,94.35,Level 3 Top Secret,36
ORD-10401,ALPHA-CNT-2025-829,Ministry of Defense - India,Asia Pacific,India,Aerospace Systems,Recon Surveillance Drone,Ground Tactical,SN-ALPHA-792818,29/1/2023,25/6/2023,15/6/2023,Delivered On Time,951626,31,29500406,20485178.4,9015227.6,95.1,Level 2 Restricted,60
ORD-10402,ALPHA-CNT-2023-826,Ministry of Defense - Chile,LATAM,Chile,Aerospace Systems,Recon Surveillance Drone,Ground Tactical,SN-ALPHA-132316,24/3/2025,21/7/2025,,In Production,145790,31,4519490,3130771.68,1388718.32,92.36,Level 1 Standard,36
ORD-10403,ALPHA-CNT-2024-758,Ministry of Defense - Australia,Asia Pacific,Australia,Tactical Avionics,Night Vision Targeting System,Maritime,SN-ALPHA-597012,12/1/2023,30/4/2023,21/4/2023,Delivered On Time,983044,42,41287848,26139612.08,15148235.92,97.6,Level 2 Restricted,12
ORD-10404,ALPHA-CNT-2025-381,Ministry of Defense - Canada,North America,Canada,Tactical Avionics,Tactical Data Link,Maritime,SN-ALPHA-263917,18/2/2023,17/5/2023,9/5/2023,Delivered On Time,646543,42,27154806,17077203.88,10077602.12,94.23,Level 2 Restricted,48
ORD-10405,ALPHA-CNT-2023-533,Ministry of Defense - Brazil,LATAM,Brazil,Land Defense,Ballistic Shielding Suite,Digital Command,SN-ALPHA-659381,23/2/2025,21/5/2025,,Under Testing,1270851,34,43208934,24916686.93,18292247.07,89.39,Level 1 Standard,48
ORD-10406,ALPHA-CNT-2024-485,Ministry of Defense - Australia,Asia Pacific,Australia,Cyber Security,Threat Intelligence Node,Maritime,SN-ALPHA-330545,23/2/2025,31/3/2025,20/5/2025,Delivered Delayed,1360015,9,12240135,7854489.49,4385645.51,89.54,Level 1 Standard,24
ORD-10407,ALPHA-CNT-2025-972,Ministry of Defense - Saudi Arabia,Middle East,Saudi Arabia,Land Defense,Armored Tactical Vehicle,Digital Command,SN-ALPHA-243006,22/8/2023,9/11/2023,4/11/2023,Delivered On Time,1109926,22,24418372,14037479.06,10380892.94,94.39,Level 3 Top Secret,24
ORD-10408,ALPHA-CNT-2023-457,Ministry of Defense - Chile,LATAM,Chile,Naval Technology,Sonar Detection Array,Ground Tactical,SN-ALPHA-883028,17/2/2025,29/6/2025,23/6/2025,Delivered On Time,368953,13,4796389,3557237.04,1239151.96,99.15,Level 2 Restricted,36
ORD-10409,ALPHA-CNT-2024-570,Ministry of Defense - Brazil,LATAM,Brazil,Aerospace Systems,Flight Control Radar,Airborne,SN-ALPHA-509985,20/7/2024,11/11/2024,2/11/2024,Delivered On Time,151894,25,3797350,3005862.93,791487.07,91.67,Level 1 Standard,48
ORD-10410,ALPHA-CNT-2025-358,Ministry of Defense - Germany,Europe,Germany,Aerospace Systems,Jet Engine Turbine Component,Airborne,SN-ALPHA-935474,12/10/2024,21/1/2025,28/2/2025,Delivered Delayed,1458277,48,69997296,55474160.02,14523135.98,98.35,Level 1 Standard,12
ORD-10411,ALPHA-CNT-2023-323,Ministry of Defense - Saudi Arabia,Middle East,Saudi Arabia,Aerospace Systems,Flight Control Radar,Airborne,SN-ALPHA-936223,21/9/2023,7/11/2023,3/11/2023,Delivered On Time,486048,18,8748864,6703972.55,2044891.45,97.09,Level 2 Restricted,12
ORD-10412,ALPHA-CNT-2024-577,Ministry of Defense - Canada,North America,Canada,Land Defense,Artillery Tracking Unit,Airborne,SN-ALPHA-990731,7/4/2025,17/7/2025,10/7/2025,Delivered On Time,329720,12,3956640,2770431.56,1186208.44,90.95,Level 1 Standard,12
ORD-10413,ALPHA-CNT-2025-409,Ministry of Defense - Japan,Asia Pacific,Japan,Land Defense,Artillery Tracking Unit,Ground Tactical,SN-ALPHA-672233,13/1/2023,12/5/2023,,Under Testing,1181960,40,47278400,34287072.2,12991327.8,88.43,Level 3 Top Secret,36
ORD-10414,ALPHA-CNT-2023-793,Ministry of Defense - France,Europe,France,Aerospace Systems,Flight Control Radar,Airborne,SN-ALPHA-409307,31/10/2023,8/4/2024,31/3/2024,Delivered On Time,1098966,17,18682422,11607415.89,7075006.11,89.21,Level 3 Top Secret,36
ORD-10415,ALPHA-CNT-2024-633,Ministry of Defense - Japan,Asia Pacific,Japan,Land Defense,Armored Tactical Vehicle,Maritime,SN-ALPHA-764845,13/1/2024,24/5/2024,,In Production,881868,15,13228020,9361371.93,3866648.07,96.67,Level 2 Restricted,60
ORD-10416,ALPHA-CNT-2025-944,Ministry of Defense - Canada,North America,Canada,Tactical Avionics,Cockpit Head Up Display,Maritime,SN-ALPHA-251074,17/5/2024,31/10/2024,,Under Testing,456245,42,19162290,12722081.7,6440208.3,90.38,Level 3 Top Secret,12
ORD-10417,ALPHA-CNT-2023-738,Ministry of Defense - USA,North America,USA,Tactical Avionics,Night Vision Targeting System,Airborne,SN-ALPHA-412534,30/12/2025,23/4/2026,14/4/2026,Delivered On Time,72490,15,1087350,729072.89,358277.11,92.42,Level 1 Standard,12
ORD-10418,ALPHA-CNT-2024-506,Ministry of Defense - Brazil,LATAM,Brazil,Land Defense,Ballistic Shielding Suite,Maritime,SN-ALPHA-810189,28/3/2025,4/5/2025,,In Production,882307,15,13234605,9786251.11,3448353.89,93.97,Level 1 Standard,36
ORD-10419,ALPHA-CNT-2025-698,Ministry of Defense - Canada,North America,Canada,Aerospace Systems,Flight Control Radar,Digital Command,SN-ALPHA-933635,17/10/2023,15/12/2023,9/12/2023,Delivered On Time,655108,39,25549212,15852764.56,9696447.44,96.63,Level 1 Standard,36
ORD-10420,ALPHA-CNT-2023-204,Ministry of Defense - India,Asia Pacific,India,Land Defense,Armored Tactical Vehicle,Ground Tactical,SN-ALPHA-864752,13/4/2023,18/7/2023,,In Production,1460235,13,18983055,11950021.11,7033033.89,89.35,Level 1 Standard,60
ORD-10421,ALPHA-CNT-2024-107,Ministry of Defense - Saudi Arabia,Middle East,Saudi Arabia,Land Defense,Armored Tactical Vehicle,Airborne,SN-ALPHA-779414,4/12/2024,17/2/2025,28/2/2025,Delivered Delayed,321265,17,5461505,4266311.69,1195193.31,92.84,Level 2 Restricted,60
ORD-10422,ALPHA-CNT-2025-623,Ministry of Defense - Qatar,Middle East,Qatar,Land Defense,Ballistic Shielding Suite,Airborne,SN-ALPHA-491255,2/2/2025,30/7/2025,23/9/2025,Delivered Delayed,51539,32,1649248,930268.35,718979.65,93.77,Level 3 Top Secret,24
ORD-10423,ALPHA-CNT-2023-778,Ministry of Defense - Chile,LATAM,Chile,Naval Technology,Submarine Communications Module,Ground Tactical,SN-ALPHA-111691,20/9/2025,26/12/2025,25/12/2025,Delivered On Time,1488122,9,13393098,8992240.84,4400857.16,94.44,Level 3 Top Secret,48
ORD-10424,ALPHA-CNT-2024-963,Ministry of Defense - India,Asia Pacific,India,Tactical Avionics,Cockpit Head Up Display,Maritime,SN-ALPHA-680412,6/12/2025,14/1/2026,,In Production,362579,40,14503160,11286362.01,3216797.99,97.74,Level 1 Standard,12
ORD-10425,ALPHA-CNT-2025-959,Ministry of Defense - India,Asia Pacific,India,Cyber Security,Encrypted Comms Server,Ground Tactical,SN-ALPHA-682032,9/9/2025,5/11/2025,3/1/2026,Delivered Delayed,565584,20,11311680,7947481.76,3364198.24,90.04,Level 2 Restricted,12
ORD-10426,ALPHA-CNT-2023-483,Ministry of Defense - Canada,North America,Canada,Cyber Security,Threat Intelligence Node,Ground Tactical,SN-ALPHA-248241,12/10/2025,2/3/2026,20/2/2026,Delivered On Time,113965,26,2963090,2034462.83,928627.17,97.61,Level 1 Standard,60
ORD-10427,ALPHA-CNT-2024-674,Ministry of Defense - Australia,Asia Pacific,Australia,Naval Technology,Submarine Communications Module,Maritime,SN-ALPHA-229221,9/12/2023,5/4/2024,,In Production,1471768,27,39737736,24336821.87,15400914.13,96.25,Level 1 Standard,60
ORD-10428,ALPHA-CNT-2025-762,Ministry of Defense - UK,Europe,UK,Land Defense,Ballistic Shielding Suite,Ground Tactical,SN-ALPHA-143802,6/1/2023,26/4/2023,16/4/2023,Delivered On Time,1430642,21,30043482,19102212.84,10941269.16,94.61,Level 2 Restricted,24
ORD-10429,ALPHA-CNT-2023-708,Ministry of Defense - USA,North America,USA,Naval Technology,Naval Target Radar,Maritime,SN-ALPHA-105274,11/9/2023,30/1/2024,22/1/2024,Delivered On Time,1196375,18,21534750,16431274.91,5103475.09,96.32,Level 2 Restricted,48
ORD-10430,ALPHA-CNT-2024-723,Ministry of Defense - Germany,Europe,Germany,Naval Technology,Naval Target Radar,Maritime,SN-ALPHA-700538,11/4/2024,18/9/2024,15/9/2024,Delivered On Time,1192524,13,15502812,10693909.99,4808902.01,92.9,Level 1 Standard,24
ORD-10431,ALPHA-CNT-2025-389,Ministry of Defense - Chile,LATAM,Chile,Aerospace Systems,Flight Control Radar,Ground Tactical,SN-ALPHA-725637,20/8/2024,18/10/2024,12/10/2024,Delivered On Time,1241890,16,19870240,13485644.73,6384595.27,89.65,Level 3 Top Secret,48
ORD-10432,ALPHA-CNT-2023-405,Ministry of Defense - UAE,Middle East,UAE,Tactical Avionics,Night Vision Targeting System,Digital Command,SN-ALPHA-513224,9/9/2024,15/1/2025,8/1/2025,Delivered On Time,298099,9,2682891,1542380.43,1140510.57,95.92,Level 1 Standard,12
ORD-10433,ALPHA-CNT-2024-800,Ministry of Defense - Chile,LATAM,Chile,Cyber Security,Quantum Cipher Hardware,Maritime,SN-ALPHA-663244,25/10/2024,20/4/2025,,Under Testing,1080065,12,12960780,7180363.35,5780416.65,94.24,Level 3 Top Secret,24
ORD-10434,ALPHA-CNT-2025-210,Ministry of Defense - UAE,Middle East,UAE,Land Defense,Armored Tactical Vehicle,Ground Tactical,SN-ALPHA-674122,31/12/2023,18/3/2024,15/3/2024,Delivered On Time,845379,44,37196676,29419643.23,7777032.77,95.61,Level 3 Top Secret,60
ORD-10435,ALPHA-CNT-2023-593,Ministry of Defense - Chile,LATAM,Chile,Cyber Security,Encrypted Comms Server,Maritime,SN-ALPHA-189261,21/1/2024,25/4/2024,26/5/2024,Delivered Delayed,817610,38,31069180,20016211.77,11052968.23,92.02,Level 2 Restricted,24
ORD-10436,ALPHA-CNT-2024-165,Ministry of Defense - Australia,Asia Pacific,Australia,Cyber Security,Threat Intelligence Node,Digital Command,SN-ALPHA-419491,20/12/2023,30/1/2024,25/1/2024,Delivered On Time,776826,19,14759694,10343641.75,4416052.25,98.79,Level 2 Restricted,24
ORD-10437,ALPHA-CNT-2025-444,Ministry of Defense - Poland,Europe,Poland,Tactical Avionics,Cockpit Head Up Display,Digital Command,SN-ALPHA-320256,9/2/2023,30/6/2023,,In Production,1354397,7,9480779,5403368.7,4077410.3,94.99,Level 1 Standard,12
ORD-10438,ALPHA-CNT-2023-383,Ministry of Defense - Qatar,Middle East,Qatar,Cyber Security,Threat Intelligence Node,Airborne,SN-ALPHA-884645,21/3/2025,20/4/2025,,Under Testing,1409505,35,49332675,35557935.01,13774739.99,89.02,Level 3 Top Secret,60
ORD-10439,ALPHA-CNT-2024-755,Ministry of Defense - Canada,North America,Canada,Cyber Security,Quantum Cipher Hardware,Maritime,SN-ALPHA-877446,3/6/2024,13/11/2024,6/11/2024,Delivered On Time,956395,48,45906960,35951653.65,9955306.35,93.35,Level 3 Top Secret,60
ORD-10440,ALPHA-CNT-2025-432,Ministry of Defense - UK,Europe,UK,Naval Technology,Submarine Communications Module,Maritime,SN-ALPHA-861200,3/5/2024,17/10/2024,,In Production,1110194,18,19983492,13866871.09,6116620.91,97,Level 1 Standard,36
ORD-10441,ALPHA-CNT-2023-982,Ministry of Defense - USA,North America,USA,Tactical Avionics,Night Vision Targeting System,Ground Tactical,SN-ALPHA-460554,23/11/2024,11/2/2025,5/2/2025,Delivered On Time,386430,16,6182880,3595522.98,2587357.02,97.45,Level 1 Standard,36
ORD-10442,ALPHA-CNT-2024-383,Ministry of Defense - France,Europe,France,Aerospace Systems,Flight Control Radar,Maritime,SN-ALPHA-322022,1/11/2025,4/3/2026,,In Production,1376842,39,53696838,37342412.56,16354425.44,93.89,Level 1 Standard,36
ORD-10443,ALPHA-CNT-2025-367,Ministry of Defense - France,Europe,France,Land Defense,Armored Tactical Vehicle,Airborne,SN-ALPHA-532699,15/3/2023,2/8/2023,27/7/2023,Delivered On Time,712714,4,2850856,2114157.19,736698.81,98.65,Level 2 Restricted,12
ORD-10444,ALPHA-CNT-2023-771,Ministry of Defense - Brazil,LATAM,Brazil,Cyber Security,Threat Intelligence Node,Digital Command,SN-ALPHA-777308,4/3/2025,20/4/2025,,In Production,660724,25,16518100,10763262.25,5754837.75,91.19,Level 1 Standard,24
ORD-10445,ALPHA-CNT-2024-828,Ministry of Defense - Qatar,Middle East,Qatar,Land Defense,Armored Tactical Vehicle,Digital Command,SN-ALPHA-992819,12/2/2023,6/6/2023,5/6/2023,Delivered On Time,260448,32,8334336,6417100.65,1917235.35,92.89,Level 1 Standard,60
ORD-10446,ALPHA-CNT-2025-767,Ministry of Defense - Saudi Arabia,Middle East,Saudi Arabia,Aerospace Systems,Jet Engine Turbine Component,Airborne,SN-ALPHA-637450,2/7/2025,20/10/2025,14/11/2025,Delivered Delayed,1020278,40,40811120,29064485.46,11746634.54,98.69,Level 3 Top Secret,60
ORD-10447,ALPHA-CNT-2023-405,Ministry of Defense - Germany,Europe,Germany,Land Defense,Ballistic Shielding Suite,Maritime,SN-ALPHA-249375,26/2/2024,27/4/2024,29/5/2024,Delivered Delayed,545919,13,7096947,5498801.33,1598145.67,98.67,Level 1 Standard,24
ORD-10448,ALPHA-CNT-2024-292,Ministry of Defense - India,Asia Pacific,India,Aerospace Systems,Recon Surveillance Drone,Maritime,SN-ALPHA-268772,19/2/2023,5/6/2023,31/5/2023,Delivered On Time,1234685,45,55560825,39219071.12,16341753.88,96.16,Level 3 Top Secret,60
ORD-10449,ALPHA-CNT-2025-253,Ministry of Defense - Japan,Asia Pacific,Japan,Naval Technology,Submarine Communications Module,Airborne,SN-ALPHA-292930,15/5/2023,21/10/2023,11/10/2023,Delivered On Time,1127209,17,19162553,11168357.33,7994195.67,98.22,Level 3 Top Secret,24
ORD-10450,ALPHA-CNT-2023-629,Ministry of Defense - USA,North America,USA,Cyber Security,Quantum Cipher Hardware,Ground Tactical,SN-ALPHA-331512,27/4/2025,14/8/2025,10/8/2025,Delivered On Time,860927,49,42185423,26468101.61,15717321.39,89.06,Level 2 Restricted,12
ORD-10451,ALPHA-CNT-2024-883,Ministry of Defense - Canada,North America,Canada,Aerospace Systems,Flight Control Radar,Digital Command,SN-ALPHA-746850,21/3/2024,2/8/2024,28/7/2024,Delivered On Time,900982,37,33336334,20016759.65,13319574.35,98.29,Level 1 Standard,12
ORD-10452,ALPHA-CNT-2025-346,Ministry of Defense - Brazil,LATAM,Brazil,Land Defense,Armored Tactical Vehicle,Airborne,SN-ALPHA-975297,10/1/2023,3/5/2023,17/5/2023,Delivered Delayed,262456,6,1574736,1223895.25,350840.75,91.82,Level 1 Standard,12
ORD-10453,ALPHA-CNT-2023-158,Ministry of Defense - Poland,Europe,Poland,Cyber Security,Threat Intelligence Node,Airborne,SN-ALPHA-365018,30/8/2023,10/1/2024,31/12/2023,Delivered On Time,1397203,19,26546857,19647329.31,6899527.69,90.12,Level 3 Top Secret,24
ORD-10454,ALPHA-CNT-2024-924,Ministry of Defense - Canada,North America,Canada,Naval Technology,Naval Target Radar,Maritime,SN-ALPHA-303765,13/1/2023,28/4/2023,21/4/2023,Delivered On Time,425325,13,5529225,3976063.44,1553161.56,90.85,Level 2 Restricted,24
ORD-10455,ALPHA-CNT-2025-977,Ministry of Defense - Canada,North America,Canada,Cyber Security,Threat Intelligence Node,Digital Command,SN-ALPHA-220190,11/11/2025,1/5/2026,30/4/2026,Delivered On Time,516589,26,13431314,8397815.99,5033498.01,92.97,Level 2 Restricted,48
ORD-10456,ALPHA-CNT-2023-921,Ministry of Defense - UK,Europe,UK,Aerospace Systems,Jet Engine Turbine Component,Maritime,SN-ALPHA-290167,12/6/2025,13/8/2025,,In Production,346213,14,4846982,2888855.52,1958126.48,90.99,Level 1 Standard,60
ORD-10457,ALPHA-CNT-2024-929,Ministry of Defense - Chile,LATAM,Chile,Naval Technology,Submarine Communications Module,Airborne,SN-ALPHA-803571,7/1/2023,27/3/2023,26/3/2023,Delivered On Time,1237018,31,38347558,28343169.89,10004388.11,91.81,Level 3 Top Secret,60
ORD-10458,ALPHA-CNT-2025-714,Ministry of Defense - USA,North America,USA,Land Defense,Ballistic Shielding Suite,Ground Tactical,SN-ALPHA-938504,16/7/2023,30/11/2023,29/11/2023,Delivered On Time,953275,4,3813100,2549207.92,1263892.08,89.61,Level 1 Standard,48
ORD-10459,ALPHA-CNT-2023-513,Ministry of Defense - Brazil,LATAM,Brazil,Naval Technology,Naval Target Radar,Digital Command,SN-ALPHA-694849,21/10/2024,25/2/2025,24/2/2025,Delivered On Time,1170523,39,45650397,27684564.02,17965832.98,91.52,Level 1 Standard,48
ORD-10460,ALPHA-CNT-2024-776,Ministry of Defense - UAE,Middle East,UAE,Naval Technology,Naval Target Radar,Airborne,SN-ALPHA-993650,13/5/2025,26/7/2025,20/7/2025,Delivered On Time,220205,8,1761640,1240468.49,521171.51,94.81,Level 1 Standard,12
ORD-10461,ALPHA-CNT-2025-427,Ministry of Defense - Chile,LATAM,Chile,Tactical Avionics,Cockpit Head Up Display,Airborne,SN-ALPHA-157030,9/4/2025,1/10/2025,,In Production,1194337,25,29858425,16723210.07,13135214.93,93.26,Level 1 Standard,48
ORD-10462,ALPHA-CNT-2023-797,Ministry of Defense - India,Asia Pacific,India,Naval Technology,Sonar Detection Array,Ground Tactical,SN-ALPHA-992744,9/8/2025,24/11/2025,23/11/2025,Delivered On Time,1474473,13,19168149,12105501.96,7062647.04,92.13,Level 3 Top Secret,24
ORD-10463,ALPHA-CNT-2024-243,Ministry of Defense - Australia,Asia Pacific,Australia,Naval Technology,Sonar Detection Array,Airborne,SN-ALPHA-887524,12/2/2023,25/6/2023,20/6/2023,Delivered On Time,968196,32,30982272,20669489.66,10312782.34,96.88,Level 2 Restricted,36
ORD-10464,ALPHA-CNT-2025-838,Ministry of Defense - Brazil,LATAM,Brazil,Cyber Security,Threat Intelligence Node,Airborne,SN-ALPHA-675512,12/6/2025,29/11/2025,24/1/2026,Delivered Delayed,1203276,38,45724488,26839798.17,18884689.83,98.63,Level 1 Standard,24
ORD-10465,ALPHA-CNT-2023-126,Ministry of Defense - Australia,Asia Pacific,Australia,Land Defense,Artillery Tracking Unit,Digital Command,SN-ALPHA-583671,15/7/2024,14/8/2024,27/8/2024,Delivered Delayed,1434704,38,54518752,43405846.92,11112905.08,97.01,Level 1 Standard,48
ORD-10466,ALPHA-CNT-2024-771,Ministry of Defense - UAE,Middle East,UAE,Cyber Security,Threat Intelligence Node,Digital Command,SN-ALPHA-775990,25/10/2024,9/2/2025,1/2/2025,Delivered On Time,623881,28,17468668,10520930.51,6947737.49,91.95,Level 1 Standard,60
ORD-10467,ALPHA-CNT-2025-609,Ministry of Defense - UK,Europe,UK,Cyber Security,Quantum Cipher Hardware,Digital Command,SN-ALPHA-676365,29/3/2025,10/7/2025,18/7/2025,Delivered Delayed,1068454,30,32053620,18674063.42,13379556.58,96.86,Level 1 Standard,24
ORD-10468,ALPHA-CNT-2023-402,Ministry of Defense - South Korea,Asia Pacific,South Korea,Aerospace Systems,Flight Control Radar,Maritime,SN-ALPHA-176697,25/6/2023,16/9/2023,,Under Testing,55209,3,165627,99522.57,66104.43,89.81,Level 2 Restricted,60
ORD-10469,ALPHA-CNT-2024-365,Ministry of Defense - South Korea,Asia Pacific,South Korea,Cyber Security,Encrypted Comms Server,Ground Tactical,SN-ALPHA-404771,30/8/2024,17/1/2025,8/1/2025,Delivered On Time,449749,28,12592972,9347325.93,3245646.07,89.55,Level 2 Restricted,24
ORD-10470,ALPHA-CNT-2025-528,Ministry of Defense - Brazil,LATAM,Brazil,Tactical Avionics,Cockpit Head Up Display,Digital Command,SN-ALPHA-804313,30/4/2023,25/10/2023,4/12/2023,Delivered Delayed,1367931,3,4103793,2693632.94,1410160.06,92.11,Level 2 Restricted,60
ORD-10471,ALPHA-CNT-2023-514,Ministry of Defense - Saudi Arabia,Middle East,Saudi Arabia,Tactical Avionics,Tactical Data Link,Maritime,SN-ALPHA-170634,26/1/2024,17/5/2024,26/6/2024,Delivered Delayed,1108503,45,49882635,34486558.49,15396076.51,97.61,Level 2 Restricted,24
ORD-10472,ALPHA-CNT-2024-497,Ministry of Defense - France,Europe,France,Aerospace Systems,Jet Engine Turbine Component,Maritime,SN-ALPHA-362865,16/12/2024,14/5/2025,9/5/2025,Delivered On Time,691621,34,23515114,13056820.88,10458293.12,90.93,Level 1 Standard,60
ORD-10473,ALPHA-CNT-2025-854,Ministry of Defense - Chile,LATAM,Chile,Land Defense,Artillery Tracking Unit,Ground Tactical,SN-ALPHA-202972,3/1/2025,26/5/2025,16/5/2025,Delivered On Time,1254242,16,20067872,11210070.37,8857801.63,88.75,Level 3 Top Secret,36
ORD-10474,ALPHA-CNT-2023-136,Ministry of Defense - Chile,LATAM,Chile,Land Defense,Ballistic Shielding Suite,Ground Tactical,SN-ALPHA-307007,21/1/2023,13/6/2023,12/6/2023,Delivered On Time,780212,22,17164664,11353676.64,5810987.36,89.57,Level 2 Restricted,12
ORD-10475,ALPHA-CNT-2024-697,Ministry of Defense - Qatar,Middle East,Qatar,Cyber Security,Encrypted Comms Server,Airborne,SN-ALPHA-860835,16/4/2024,9/7/2024,,In Production,1307361,32,41835552,31550859.32,10284692.68,98.22,Level 2 Restricted,24
ORD-10476,ALPHA-CNT-2025-825,Ministry of Defense - UK,Europe,UK,Cyber Security,Encrypted Comms Server,Maritime,SN-ALPHA-708798,5/8/2024,12/1/2025,,Under Testing,388526,38,14763988,11387607.45,3376380.55,95.54,Level 1 Standard,36
ORD-10477,ALPHA-CNT-2023-685,Ministry of Defense - UAE,Middle East,UAE,Cyber Security,Encrypted Comms Server,Digital Command,SN-ALPHA-610856,18/6/2024,16/11/2024,17/12/2024,Delivered Delayed,189005,8,1512040,864397.95,647642.05,91.01,Level 1 Standard,12
ORD-10478,ALPHA-CNT-2024-935,Ministry of Defense - Poland,Europe,Poland,Land Defense,Armored Tactical Vehicle,Ground Tactical,SN-ALPHA-446922,14/3/2025,26/5/2025,21/5/2025,Delivered On Time,1079661,8,8637288,5913007.69,2724280.31,94.61,Level 1 Standard,24
ORD-10479,ALPHA-CNT-2025-294,Ministry of Defense - UAE,Middle East,UAE,Naval Technology,Naval Target Radar,Maritime,SN-ALPHA-474486,6/8/2025,26/9/2025,25/11/2025,Delivered Delayed,246521,6,1479126,1151214.74,327911.26,94.28,Level 1 Standard,36
ORD-10480,ALPHA-CNT-2023-451,Ministry of Defense - Chile,LATAM,Chile,Tactical Avionics,Night Vision Targeting System,Digital Command,SN-ALPHA-234443,27/9/2023,7/1/2024,23/2/2024,Delivered Delayed,1428336,14,19996704,12937731.28,7058972.72,95.8,Level 3 Top Secret,36
ORD-10481,ALPHA-CNT-2024-843,Ministry of Defense - Brazil,LATAM,Brazil,Naval Technology,Submarine Communications Module,Maritime,SN-ALPHA-803904,3/5/2025,11/10/2025,5/10/2025,Delivered On Time,973593,32,31154976,23596512.69,7558463.31,90.77,Level 3 Top Secret,36
ORD-10482,ALPHA-CNT-2025-830,Ministry of Defense - USA,North America,USA,Naval Technology,Naval Target Radar,Ground Tactical,SN-ALPHA-787313,23/7/2023,15/11/2023,15/11/2023,Delivered On Time,499764,35,17491740,10205099.41,7286640.59,98.29,Level 2 Restricted,48
ORD-10483,ALPHA-CNT-2023-327,Ministry of Defense - Australia,Asia Pacific,Australia,Land Defense,Artillery Tracking Unit,Airborne,SN-ALPHA-345925,26/10/2024,18/12/2024,,In Production,1255771,10,12557710,9843343.68,2714366.32,91.68,Level 3 Top Secret,60
ORD-10484,ALPHA-CNT-2024-802,Ministry of Defense - UAE,Middle East,UAE,Naval Technology,Sonar Detection Array,Maritime,SN-ALPHA-204904,23/8/2023,21/11/2023,17/11/2023,Delivered On Time,1499589,3,4498767,3319441.46,1179325.54,96.26,Level 2 Restricted,12
ORD-10485,ALPHA-CNT-2025-647,Ministry of Defense - Canada,North America,Canada,Aerospace Systems,Jet Engine Turbine Component,Digital Command,SN-ALPHA-398987,7/5/2023,24/8/2023,,In Production,1148589,12,13783068,10824306.39,2958761.61,88.19,Level 2 Restricted,60
ORD-10486,ALPHA-CNT-2023-753,Ministry of Defense - Australia,Asia Pacific,Australia,Cyber Security,Quantum Cipher Hardware,Ground Tactical,SN-ALPHA-749609,22/4/2025,18/7/2025,9/7/2025,Delivered On Time,451562,49,22126538,15912395.13,6214142.87,92.43,Level 3 Top Secret,60
ORD-10487,ALPHA-CNT-2024-903,Ministry of Defense - Qatar,Middle East,Qatar,Aerospace Systems,Recon Surveillance Drone,Airborne,SN-ALPHA-173199,15/4/2025,4/7/2025,30/6/2025,Delivered On Time,266486,31,8261066,5294112.27,2966953.73,92.19,Level 2 Restricted,60
ORD-10488,ALPHA-CNT-2025-587,Ministry of Defense - Poland,Europe,Poland,Tactical Avionics,Night Vision Targeting System,Digital Command,SN-ALPHA-302897,1/8/2024,7/10/2024,2/10/2024,Delivered On Time,476888,29,13829752,10850066.84,2979685.16,94.47,Level 1 Standard,36
ORD-10489,ALPHA-CNT-2023-787,Ministry of Defense - India,Asia Pacific,India,Cyber Security,Quantum Cipher Hardware,Digital Command,SN-ALPHA-433222,16/5/2024,21/6/2024,20/6/2024,Delivered On Time,885988,5,4429940,2741653.07,1688286.93,88.87,Level 2 Restricted,60
ORD-10490,ALPHA-CNT-2024-467,Ministry of Defense - Brazil,LATAM,Brazil,Naval Technology,Submarine Communications Module,Digital Command,SN-ALPHA-609462,3/8/2024,13/9/2024,,Under Testing,960155,25,24003875,15195488.17,8808386.83,97.4,Level 1 Standard,48
ORD-10491,ALPHA-CNT-2025-619,Ministry of Defense - Canada,North America,Canada,Tactical Avionics,Cockpit Head Up Display,Maritime,SN-ALPHA-572536,29/11/2024,1/3/2025,20/2/2025,Delivered On Time,600428,41,24617548,17852697.62,6764850.38,90.59,Level 3 Top Secret,24
ORD-10492,ALPHA-CNT-2023-407,Ministry of Defense - India,Asia Pacific,India,Cyber Security,Threat Intelligence Node,Ground Tactical,SN-ALPHA-444295,25/6/2024,23/11/2024,,In Production,313328,31,9713168,7200653.85,2512514.15,96.06,Level 3 Top Secret,36
ORD-10493,ALPHA-CNT-2024-965,Ministry of Defense - India,Asia Pacific,India,Naval Technology,Naval Target Radar,Digital Command,SN-ALPHA-746281,30/1/2025,19/3/2025,11/3/2025,Delivered On Time,161361,21,3388581,2651059.3,737521.7,97.56,Level 2 Restricted,12
ORD-10494,ALPHA-CNT-2025-274,Ministry of Defense - Chile,LATAM,Chile,Aerospace Systems,Jet Engine Turbine Component,Maritime,SN-ALPHA-791454,12/2/2023,8/7/2023,,In Production,842038,20,16840760,10124675.05,6716084.95,94.69,Level 1 Standard,24
ORD-10495,ALPHA-CNT-2023-960,Ministry of Defense - UAE,Middle East,UAE,Cyber Security,Threat Intelligence Node,Ground Tactical,SN-ALPHA-420523,5/6/2023,19/10/2023,16/10/2023,Delivered On Time,447172,39,17439708,13071052.58,4368655.42,96.82,Level 2 Restricted,24
ORD-10496,ALPHA-CNT-2024-773,Ministry of Defense - UK,Europe,UK,Naval Technology,Naval Target Radar,Ground Tactical,SN-ALPHA-827143,21/2/2023,17/8/2023,,In Production,1115131,22,24532882,18022750.89,6510131.11,95.88,Level 3 Top Secret,24
ORD-10497,ALPHA-CNT-2025-997,Ministry of Defense - Chile,LATAM,Chile,Aerospace Systems,Flight Control Radar,Maritime,SN-ALPHA-712546,25/9/2024,13/12/2024,27/12/2024,Delivered Delayed,664673,4,2658692,1504683.12,1154008.88,92.23,Level 2 Restricted,60
ORD-10498,ALPHA-CNT-2023-671,Ministry of Defense - France,Europe,France,Tactical Avionics,Tactical Data Link,Maritime,SN-ALPHA-259797,9/2/2024,16/6/2024,6/6/2024,Delivered On Time,1419222,13,18449886,11933493,6516393,97.63,Level 2 Restricted,60
ORD-10499,ALPHA-CNT-2024-285,Ministry of Defense - Qatar,Middle East,Qatar,Tactical Avionics,Tactical Data Link,Digital Command,SN-ALPHA-693024,2/5/2023,5/10/2023,28/9/2023,Delivered On Time,305658,45,13754610,8537367.65,5217242.35,91.51,Level 1 Standard,36
ORD-10500,ALPHA-CNT-2025-400,Ministry of Defense - South Korea,Asia Pacific,South Korea,Tactical Avionics,Tactical Data Link,Ground Tactical,SN-ALPHA-694397,29/11/2023,9/4/2024,,In Production,804085,42,33771570,21145143.42,12626426.58,94.8,Level 3 Top Secret,60
ORD-10501,ALPHA-CNT-2023-199,Ministry of Defense - Poland,Europe,Poland,Tactical Avionics,Night Vision Targeting System,Airborne,SN-ALPHA-482199,6/2/2024,8/5/2024,,Under Testing,153844,49,7538356,5998546.68,1539809.32,96.87,Level 2 Restricted,60
ORD-10502,ALPHA-CNT-2024-582,Ministry of Defense - Canada,North America,Canada,Land Defense,Ballistic Shielding Suite,Maritime,SN-ALPHA-946934,14/11/2023,20/1/2024,17/1/2024,Delivered On Time,1189897,20,23797940,16913061.58,6884878.42,92.51,Level 1 Standard,60
ORD-10503,ALPHA-CNT-2025-231,Ministry of Defense - Canada,North America,Canada,Cyber Security,Quantum Cipher Hardware,Ground Tactical,SN-ALPHA-431699,15/5/2025,15/6/2025,13/8/2025,Delivered Delayed,885488,13,11511344,8396593.48,3114750.52,91.6,Level 2 Restricted,36
ORD-10504,ALPHA-CNT-2023-858,Ministry of Defense - Brazil,LATAM,Brazil,Cyber Security,Threat Intelligence Node,Ground Tactical,SN-ALPHA-549112,2/12/2023,28/1/2024,,In Production,148234,17,2519978,2001251.64,518726.36,93.47,Level 1 Standard,36
ORD-10505,ALPHA-CNT-2024-364,Ministry of Defense - Qatar,Middle East,Qatar,Land Defense,Artillery Tracking Unit,Digital Command,SN-ALPHA-276831,20/7/2024,5/12/2024,,In Production,524718,36,18889848,12170737.48,6719110.52,97.73,Level 1 Standard,48
ORD-10506,ALPHA-CNT-2025-842,Ministry of Defense - Brazil,LATAM,Brazil,Naval Technology,Sonar Detection Array,Airborne,SN-ALPHA-105066,16/5/2023,10/8/2023,,Under Testing,801993,33,26465769,19861502.12,6604266.88,99.07,Level 2 Restricted,48
ORD-10507,ALPHA-CNT-2023-927,Ministry of Defense - Chile,LATAM,Chile,Naval Technology,Submarine Communications Module,Digital Command,SN-ALPHA-428429,6/9/2025,20/11/2025,1/12/2025,Delivered Delayed,1048922,1,1048922,690854.37,358067.63,94.49,Level 3 Top Secret,48
ORD-10508,ALPHA-CNT-2024-672,Ministry of Defense - Chile,LATAM,Chile,Tactical Avionics,Night Vision Targeting System,Airborne,SN-ALPHA-358133,6/10/2024,17/3/2025,12/3/2025,Delivered On Time,775571,15,11633565,8927404.87,2706160.13,95.87,Level 3 Top Secret,48
ORD-10509,ALPHA-CNT-2025-881,Ministry of Defense - USA,North America,USA,Aerospace Systems,Jet Engine Turbine Component,Airborne,SN-ALPHA-923824,5/11/2025,2/4/2026,25/3/2026,Delivered On Time,878282,13,11417666,6795388.17,4622277.83,98.75,Level 1 Standard,24
ORD-10510,ALPHA-CNT-2023-287,Ministry of Defense - Canada,North America,Canada,Naval Technology,Sonar Detection Array,Maritime,SN-ALPHA-332286,16/10/2024,27/11/2024,22/11/2024,Delivered On Time,521761,17,8869937,6979944.52,1889992.48,89.17,Level 3 Top Secret,24
ORD-10511,ALPHA-CNT-2024-796,Ministry of Defense - Brazil,LATAM,Brazil,Aerospace Systems,Flight Control Radar,Ground Tactical,SN-ALPHA-846794,24/6/2024,13/12/2024,25/12/2024,Delivered Delayed,1388563,24,33325512,20151701.4,13173810.6,90.76,Level 1 Standard,48
ORD-10512,ALPHA-CNT-2025-443,Ministry of Defense - Canada,North America,Canada,Cyber Security,Quantum Cipher Hardware,Ground Tactical,SN-ALPHA-875753,28/6/2025,29/9/2025,21/11/2025,Delivered Delayed,374464,8,2995712,1891957.27,1103754.73,96.44,Level 3 Top Secret,48
ORD-10513,ALPHA-CNT-2023-770,Ministry of Defense - UAE,Middle East,UAE,Aerospace Systems,Flight Control Radar,Ground Tactical,SN-ALPHA-771967,24/6/2023,24/8/2023,20/8/2023,Delivered On Time,604081,27,16310187,12054012.04,4256174.96,97.8,Level 2 Restricted,12
ORD-10514,ALPHA-CNT-2024-191,Ministry of Defense - Chile,LATAM,Chile,Cyber Security,Quantum Cipher Hardware,Airborne,SN-ALPHA-557309,28/10/2025,23/3/2026,,In Production,1071911,45,48235995,31278090.01,16957904.99,98.2,Level 3 Top Secret,24
ORD-10515,ALPHA-CNT-2025-327,Ministry of Defense - Canada,North America,Canada,Land Defense,Ballistic Shielding Suite,Ground Tactical,SN-ALPHA-390119,15/12/2024,17/2/2025,30/3/2025,Delivered Delayed,1118203,23,25718669,18055864.72,7662804.28,92.94,Level 1 Standard,12
ORD-10516,ALPHA-CNT-2023-463,Ministry of Defense - France,Europe,France,Land Defense,Ballistic Shielding Suite,Maritime,SN-ALPHA-980919,9/2/2024,6/7/2024,25/7/2024,Delivered Delayed,1422542,46,65436932,43263194.09,22173737.91,89.06,Level 1 Standard,12
ORD-10517,ALPHA-CNT-2024-328,Ministry of Defense - Chile,LATAM,Chile,Tactical Avionics,Cockpit Head Up Display,Airborne,SN-ALPHA-476948,17/7/2023,29/12/2023,23/12/2023,Delivered On Time,527317,8,4218536,3103123.38,1115412.62,93.21,Level 3 Top Secret,60
ORD-10518,ALPHA-CNT-2025-862,Ministry of Defense - Chile,LATAM,Chile,Naval Technology,Naval Target Radar,Airborne,SN-ALPHA-240829,16/2/2023,8/8/2023,31/7/2023,Delivered On Time,1321209,8,10569672,6416666.21,4153005.79,90.75,Level 2 Restricted,36
ORD-10519,ALPHA-CNT-2023-992,Ministry of Defense - Qatar,Middle East,Qatar,Tactical Avionics,Night Vision Targeting System,Airborne,SN-ALPHA-812591,5/7/2024,24/10/2024,15/10/2024,Delivered On Time,1019752,26,26513552,14969935.82,11543616.18,91.47,Level 1 Standard,24
ORD-10520,ALPHA-CNT-2024-414,Ministry of Defense - Australia,Asia Pacific,Australia,Cyber Security,Threat Intelligence Node,Airborne,SN-ALPHA-868577,30/1/2024,21/6/2024,12/6/2024,Delivered On Time,367942,47,17293274,10807991.01,6485282.99,97.19,Level 1 Standard,48
ORD-10521,ALPHA-CNT-2025-530,Ministry of Defense - India,Asia Pacific,India,Tactical Avionics,Tactical Data Link,Maritime,SN-ALPHA-447668,11/8/2025,17/1/2026,7/1/2026,Delivered On Time,387462,13,5037006,3367627.2,1669378.8,88.9,Level 1 Standard,48
ORD-10522,ALPHA-CNT-2023-907,Ministry of Defense - Saudi Arabia,Middle East,Saudi Arabia,Aerospace Systems,Jet Engine Turbine Component,Ground Tactical,SN-ALPHA-603268,17/2/2024,5/7/2024,25/6/2024,Delivered On Time,1464906,39,57131334,33822036.13,23309297.87,97.85,Level 1 Standard,36
ORD-10523,ALPHA-CNT-2024-439,Ministry of Defense - Qatar,Middle East,Qatar,Cyber Security,Quantum Cipher Hardware,Maritime,SN-ALPHA-585331,8/12/2023,26/5/2024,18/5/2024,Delivered On Time,400046,37,14801702,9453837.04,5347864.96,93.09,Level 1 Standard,24
ORD-10524,ALPHA-CNT-2025-480,Ministry of Defense - UAE,Middle East,UAE,Land Defense,Armored Tactical Vehicle,Ground Tactical,SN-ALPHA-566991,16/12/2023,8/5/2024,8/5/2024,Delivered On Time,471773,49,23116877,15025871.91,8091005.09,95.09,Level 2 Restricted,48
ORD-10525,ALPHA-CNT-2023-366,Ministry of Defense - Japan,Asia Pacific,Japan,Naval Technology,Naval Target Radar,Maritime,SN-ALPHA-476167,23/4/2023,2/7/2023,23/6/2023,Delivered On Time,383478,28,10737384,6059620.77,4677763.23,89.07,Level 3 Top Secret,48
ORD-10526,ALPHA-CNT-2024-699,Ministry of Defense - UAE,Middle East,UAE,Cyber Security,Encrypted Comms Server,Digital Command,SN-ALPHA-912402,24/6/2025,22/11/2025,8/1/2026,Delivered Delayed,518379,25,12959475,9017550.18,3941924.82,92.01,Level 2 Restricted,60
ORD-10527,ALPHA-CNT-2025-401,Ministry of Defense - Canada,North America,Canada,Cyber Security,Quantum Cipher Hardware,Digital Command,SN-ALPHA-420310,19/1/2024,12/6/2024,8/6/2024,Delivered On Time,418863,16,6701808,5167669.37,1534138.63,89.07,Level 2 Restricted,12
ORD-10528,ALPHA-CNT-2023-574,Ministry of Defense - Brazil,LATAM,Brazil,Aerospace Systems,Flight Control Radar,Digital Command,SN-ALPHA-610626,4/2/2023,11/5/2023,,In Production,1221675,2,2443350,1436532.76,1006817.24,99.44,Level 1 Standard,48
ORD-10529,ALPHA-CNT-2024-971,Ministry of Defense - Brazil,LATAM,Brazil,Naval Technology,Sonar Detection Array,Digital Command,SN-ALPHA-678469,7/3/2024,8/6/2024,,Under Testing,783362,18,14100516,9862634.16,4237881.84,97.61,Level 2 Restricted,24
ORD-10530,ALPHA-CNT-2025-220,Ministry of Defense - Germany,Europe,Germany,Land Defense,Ballistic Shielding Suite,Airborne,SN-ALPHA-214119,18/11/2023,26/2/2024,26/2/2024,Delivered On Time,747974,17,12715558,9106689.38,3608868.62,93.47,Level 1 Standard,36
ORD-10531,ALPHA-CNT-2023-581,Ministry of Defense - Poland,Europe,Poland,Cyber Security,Quantum Cipher Hardware,Airborne,SN-ALPHA-284308,31/5/2024,10/11/2024,8/11/2024,Delivered On Time,1373440,30,41203200,26981242.68,14221957.32,90.66,Level 2 Restricted,60
ORD-10532,ALPHA-CNT-2024-154,Ministry of Defense - Chile,LATAM,Chile,Cyber Security,Quantum Cipher Hardware,Maritime,SN-ALPHA-776909,25/2/2023,29/7/2023,25/7/2023,Delivered On Time,1418328,39,55314792,40118402.4,15196389.6,99.11,Level 1 Standard,24
ORD-10533,ALPHA-CNT-2025-987,Ministry of Defense - USA,North America,USA,Aerospace Systems,Jet Engine Turbine Component,Maritime,SN-ALPHA-736095,8/4/2023,8/7/2023,26/8/2023,Delivered Delayed,157449,13,2046837,1335935.48,710901.52,92.1,Level 1 Standard,60
ORD-10534,ALPHA-CNT-2023-749,Ministry of Defense - India,Asia Pacific,India,Tactical Avionics,Night Vision Targeting System,Digital Command,SN-ALPHA-185955,15/6/2024,23/9/2024,15/11/2024,Delivered Delayed,1201404,32,38444928,25994896.45,12450031.55,89.92,Level 2 Restricted,12
ORD-10535,ALPHA-CNT-2024-697,Ministry of Defense - Australia,Asia Pacific,Australia,Land Defense,Armored Tactical Vehicle,Ground Tactical,SN-ALPHA-982683,31/1/2023,22/6/2023,18/6/2023,Delivered On Time,1225189,29,35530481,19607078.85,15923402.15,94.7,Level 2 Restricted,48
ORD-10536,ALPHA-CNT-2025-694,Ministry of Defense - USA,North America,USA,Naval Technology,Naval Target Radar,Digital Command,SN-ALPHA-394247,25/9/2023,13/11/2023,9/12/2023,Delivered Delayed,122095,46,5616370,4060242.52,1556127.48,99.23,Level 3 Top Secret,24
ORD-10537,ALPHA-CNT-2023-735,Ministry of Defense - South Korea,Asia Pacific,South Korea,Cyber Security,Encrypted Comms Server,Maritime,SN-ALPHA-966589,4/4/2024,16/7/2024,11/7/2024,Delivered On Time,680212,30,20406360,14597397.2,5808962.8,88.05,Level 3 Top Secret,36
ORD-10538,ALPHA-CNT-2024-172,Ministry of Defense - UAE,Middle East,UAE,Cyber Security,Encrypted Comms Server,Digital Command,SN-ALPHA-246802,17/8/2023,15/11/2023,15/11/2023,Delivered On Time,670740,18,12073320,6756232.52,5317087.48,90.83,Level 3 Top Secret,12
ORD-10539,ALPHA-CNT-2025-583,Ministry of Defense - Chile,LATAM,Chile,Land Defense,Ballistic Shielding Suite,Maritime,SN-ALPHA-664781,15/7/2023,22/10/2023,7/11/2023,Delivered Delayed,137593,13,1788709,1148463.02,640245.98,99.17,Level 2 Restricted,12
ORD-10540,ALPHA-CNT-2023-299,Ministry of Defense - Brazil,LATAM,Brazil,Tactical Avionics,Tactical Data Link,Digital Command,SN-ALPHA-305973,3/5/2023,26/8/2023,24/8/2023,Delivered On Time,741252,43,31873836,25331984.88,6541851.12,90.04,Level 2 Restricted,60
ORD-10541,ALPHA-CNT-2024-612,Ministry of Defense - Canada,North America,Canada,Cyber Security,Encrypted Comms Server,Ground Tactical,SN-ALPHA-376021,30/1/2024,20/5/2024,30/6/2024,Delivered Delayed,1437962,21,30197202,19784727.84,10412474.16,89.35,Level 1 Standard,12
ORD-10542,ALPHA-CNT-2025-222,Ministry of Defense - South Korea,Asia Pacific,South Korea,Land Defense,Armored Tactical Vehicle,Digital Command,SN-ALPHA-869177,22/3/2025,6/9/2025,27/8/2025,Delivered On Time,952473,30,28574190,19301475.34,9272714.66,94.79,Level 3 Top Secret,24
ORD-10543,ALPHA-CNT-2023-988,Ministry of Defense - UK,Europe,UK,Aerospace Systems,Recon Surveillance Drone,Ground Tactical,SN-ALPHA-757057,4/8/2024,23/9/2024,,Under Testing,176202,21,3700242,2876873.55,823368.45,98.26,Level 1 Standard,60
ORD-10544,ALPHA-CNT-2024-797,Ministry of Defense - France,Europe,France,Tactical Avionics,Night Vision Targeting System,Ground Tactical,SN-ALPHA-180176,9/2/2023,15/4/2023,9/4/2023,Delivered On Time,127606,48,6125088,4467121.43,1657966.57,93.68,Level 1 Standard,12
ORD-10545,ALPHA-CNT-2025-490,Ministry of Defense - Australia,Asia Pacific,Australia,Naval Technology,Submarine Communications Module,Maritime,SN-ALPHA-862760,11/4/2025,18/6/2025,17/6/2025,Delivered On Time,1222345,17,20779865,14452760.44,6327104.56,99.84,Level 1 Standard,36
ORD-10546,ALPHA-CNT-2023-642,Ministry of Defense - UK,Europe,UK,Cyber Security,Threat Intelligence Node,Ground Tactical,SN-ALPHA-179062,19/11/2025,16/2/2026,2/3/2026,Delivered Delayed,168542,40,6741680,5052559.97,1689120.03,96.08,Level 1 Standard,24
ORD-10547,ALPHA-CNT-2024-405,Ministry of Defense - Canada,North America,Canada,Land Defense,Armored Tactical Vehicle,Airborne,SN-ALPHA-119535,6/5/2025,11/9/2025,1/9/2025,Delivered On Time,1467158,19,27876002,21355570.04,6520431.96,88.88,Level 3 Top Secret,36
ORD-10548,ALPHA-CNT-2025-523,Ministry of Defense - Canada,North America,Canada,Aerospace Systems,Flight Control Radar,Airborne,SN-ALPHA-990856,31/1/2023,10/4/2023,,Under Testing,625610,15,9384150,6233159.05,3150990.95,99.81,Level 1 Standard,36
ORD-10549,ALPHA-CNT-2023-155,Ministry of Defense - Australia,Asia Pacific,Australia,Naval Technology,Naval Target Radar,Airborne,SN-ALPHA-631815,27/10/2023,19/1/2024,25/1/2024,Delivered Delayed,1256126,9,11305134,7560614.63,3744519.37,92.85,Level 2 Restricted,60
ORD-10550,ALPHA-CNT-2024-991,Ministry of Defense - Poland,Europe,Poland,Land Defense,Armored Tactical Vehicle,Maritime,SN-ALPHA-762308,29/10/2024,14/12/2024,24/12/2024,Delivered Delayed,505433,10,5054330,3267688.71,1786641.29,91.42,Level 2 Restricted,48
ORD-10551,ALPHA-CNT-2025-974,Ministry of Defense - USA,North America,USA,Land Defense,Artillery Tracking Unit,Airborne,SN-ALPHA-132709,17/12/2025,2/5/2026,23/6/2026,Delivered Delayed,674987,44,29699428,23512340.25,6187087.75,94.64,Level 2 Restricted,60
ORD-10552,ALPHA-CNT-2023-254,Ministry of Defense - USA,North America,USA,Naval Technology,Naval Target Radar,Maritime,SN-ALPHA-952117,3/10/2024,14/2/2025,,Under Testing,140140,31,4344340,3146568.81,1197771.19,91.62,Level 3 Top Secret,24
ORD-10553,ALPHA-CNT-2024-240,Ministry of Defense - UAE,Middle East,UAE,Aerospace Systems,Jet Engine Turbine Component,Maritime,SN-ALPHA-710156,13/11/2023,6/3/2024,,In Production,1497307,23,34438061,19657443.81,14780617.19,89.03,Level 1 Standard,24
ORD-10554,ALPHA-CNT-2025-305,Ministry of Defense - UAE,Middle East,UAE,Aerospace Systems,Flight Control Radar,Airborne,SN-ALPHA-707021,14/5/2023,29/10/2023,6/12/2023,Delivered Delayed,1478078,30,44342340,33954699.26,10387640.74,88.02,Level 3 Top Secret,60
ORD-10555,ALPHA-CNT-2023-450,Ministry of Defense - Canada,North America,Canada,Tactical Avionics,Tactical Data Link,Ground Tactical,SN-ALPHA-524814,1/1/2023,30/5/2023,17/6/2023,Delivered Delayed,1396853,33,46096149,30890872.61,15205276.39,93.35,Level 1 Standard,48
ORD-10556,ALPHA-CNT-2024-519,Ministry of Defense - Japan,Asia Pacific,Japan,Cyber Security,Quantum Cipher Hardware,Digital Command,SN-ALPHA-906564,15/6/2025,29/10/2025,23/10/2025,Delivered On Time,1196204,9,10765836,6106258.12,4659577.88,97.96,Level 3 Top Secret,60
ORD-10557,ALPHA-CNT-2025-683,Ministry of Defense - Brazil,LATAM,Brazil,Naval Technology,Sonar Detection Array,Maritime,SN-ALPHA-718697,29/12/2024,12/2/2025,6/2/2025,Delivered On Time,1183634,47,55630798,38242241.29,17388556.71,94.81,Level 3 Top Secret,24
ORD-10558,ALPHA-CNT-2023-568,Ministry of Defense - Brazil,LATAM,Brazil,Naval Technology,Naval Target Radar,Airborne,SN-ALPHA-323095,13/9/2025,4/12/2025,7/1/2026,Delivered Delayed,531799,1,531799,347951.34,183847.66,99.89,Level 1 Standard,48
ORD-10559,ALPHA-CNT-2024-246,Ministry of Defense - Canada,North America,Canada,Naval Technology,Sonar Detection Array,Maritime,SN-ALPHA-138436,13/2/2023,30/6/2023,25/6/2023,Delivered On Time,1250118,44,55005192,42323049.24,12682142.76,91.41,Level 3 Top Secret,24
ORD-10560,ALPHA-CNT-2025-423,Ministry of Defense - USA,North America,USA,Aerospace Systems,Jet Engine Turbine Component,Ground Tactical,SN-ALPHA-678388,17/11/2025,26/3/2026,24/3/2026,Delivered On Time,1403849,35,49134715,29529897.43,19604817.57,91.34,Level 1 Standard,48
ORD-10561,ALPHA-CNT-2023-983,Ministry of Defense - USA,North America,USA,Cyber Security,Encrypted Comms Server,Ground Tactical,SN-ALPHA-373276,14/8/2023,9/2/2024,4/2/2024,Delivered On Time,1369251,11,15061761,11395971.66,3665789.34,89.9,Level 2 Restricted,48
ORD-10562,ALPHA-CNT-2024-832,Ministry of Defense - South Korea,Asia Pacific,South Korea,Tactical Avionics,Tactical Data Link,Airborne,SN-ALPHA-669868,26/8/2025,30/9/2025,26/9/2025,Delivered On Time,1397758,34,47523772,32763942.15,14759829.85,89.95,Level 2 Restricted,60
ORD-10563,ALPHA-CNT-2025-284,Ministry of Defense - UAE,Middle East,UAE,Land Defense,Artillery Tracking Unit,Maritime,SN-ALPHA-665892,10/4/2024,4/10/2024,24/11/2024,Delivered Delayed,1448659,16,23178544,13064646.03,10113897.97,91.39,Level 2 Restricted,60
ORD-10564,ALPHA-CNT-2023-897,Ministry of Defense - Canada,North America,Canada,Land Defense,Ballistic Shielding Suite,Digital Command,SN-ALPHA-595036,16/5/2023,20/9/2023,,Under Testing,92674,9,834066,661382.08,172683.92,97.43,Level 3 Top Secret,60
ORD-10565,ALPHA-CNT-2024-182,Ministry of Defense - USA,North America,USA,Naval Technology,Submarine Communications Module,Digital Command,SN-ALPHA-785672,2/6/2023,1/11/2023,27/10/2023,Delivered On Time,177572,32,5682304,3853476.11,1828827.89,98.78,Level 2 Restricted,48
ORD-10566,ALPHA-CNT-2025-599,Ministry of Defense - Poland,Europe,Poland,Cyber Security,Quantum Cipher Hardware,Maritime,SN-ALPHA-912853,19/9/2023,20/10/2023,11/10/2023,Delivered On Time,341975,15,5129625,3194316.05,1935308.95,99.6,Level 1 Standard,48
ORD-10567,ALPHA-CNT-2023-440,Ministry of Defense - Japan,Asia Pacific,Japan,Aerospace Systems,Flight Control Radar,Maritime,SN-ALPHA-255852,24/11/2024,24/3/2025,,In Production,631462,12,7577544,5056886.95,2520657.05,90.76,Level 2 Restricted,24
ORD-10568,ALPHA-CNT-2024-746,Ministry of Defense - USA,North America,USA,Cyber Security,Threat Intelligence Node,Maritime,SN-ALPHA-483588,27/12/2024,12/4/2025,3/4/2025,Delivered On Time,481436,33,15887388,12145343.26,3742044.74,98.49,Level 2 Restricted,36
ORD-10569,ALPHA-CNT-2025-281,Ministry of Defense - Poland,Europe,Poland,Cyber Security,Encrypted Comms Server,Airborne,SN-ALPHA-511564,11/1/2024,19/5/2024,,In Production,495935,45,22317075,13975527.72,8341547.28,91.91,Level 3 Top Secret,60
ORD-10570,ALPHA-CNT-2023-420,Ministry of Defense - Brazil,LATAM,Brazil,Aerospace Systems,Flight Control Radar,Ground Tactical,SN-ALPHA-334153,25/3/2025,9/8/2025,8/8/2025,Delivered On Time,830296,14,11624144,6953203.74,4670940.26,89.34,Level 1 Standard,24
ORD-10571,ALPHA-CNT-2024-749,Ministry of Defense - USA,North America,USA,Naval Technology,Naval Target Radar,Digital Command,SN-ALPHA-909652,17/10/2025,2/4/2026,2/4/2026,Delivered On Time,1151627,8,9213016,5364442.67,3848573.33,98.35,Level 3 Top Secret,24
ORD-10572,ALPHA-CNT-2025-159,Ministry of Defense - USA,North America,USA,Cyber Security,Threat Intelligence Node,Airborne,SN-ALPHA-718241,6/11/2023,23/4/2024,,Under Testing,1301661,8,10413288,6502732.32,3910555.68,95.57,Level 3 Top Secret,12
ORD-10573,ALPHA-CNT-2023-104,Ministry of Defense - France,Europe,France,Land Defense,Ballistic Shielding Suite,Maritime,SN-ALPHA-868844,6/12/2024,2/3/2025,28/2/2025,Delivered On Time,1417372,27,38269044,28510897.84,9758146.16,89.96,Level 1 Standard,60
ORD-10574,ALPHA-CNT-2024-562,Ministry of Defense - South Korea,Asia Pacific,South Korea,Aerospace Systems,Flight Control Radar,Maritime,SN-ALPHA-998801,22/6/2024,23/11/2024,8/12/2024,Delivered Delayed,1164100,12,13969200,9330120.76,4639079.24,93.11,Level 3 Top Secret,24
ORD-10575,ALPHA-CNT-2025-380,Ministry of Defense - Canada,North America,Canada,Tactical Avionics,Tactical Data Link,Ground Tactical,SN-ALPHA-405134,11/11/2025,5/2/2026,,In Production,318614,1,318614,193357.41,125256.59,91.42,Level 1 Standard,12
ORD-10576,ALPHA-CNT-2023-314,Ministry of Defense - Brazil,LATAM,Brazil,Naval Technology,Naval Target Radar,Maritime,SN-ALPHA-240384,18/6/2023,25/9/2023,16/9/2023,Delivered On Time,567733,43,24412519,14441134.07,9971384.93,96.77,Level 2 Restricted,60
ORD-10577,ALPHA-CNT-2024-879,Ministry of Defense - Canada,North America,Canada,Aerospace Systems,Jet Engine Turbine Component,Airborne,SN-ALPHA-587274,8/7/2024,26/11/2024,4/12/2024,Delivered Delayed,365617,40,14624680,9260089.53,5364590.47,93.4,Level 1 Standard,48
ORD-10578,ALPHA-CNT-2025-892,Ministry of Defense - Brazil,LATAM,Brazil,Tactical Avionics,Tactical Data Link,Airborne,SN-ALPHA-625465,5/12/2023,7/5/2024,,Under Testing,987384,42,41470128,32553266.41,8916861.59,99.77,Level 1 Standard,12
ORD-10579,ALPHA-CNT-2023-272,Ministry of Defense - Qatar,Middle East,Qatar,Tactical Avionics,Tactical Data Link,Ground Tactical,SN-ALPHA-635205,17/8/2025,23/9/2025,13/9/2025,Delivered On Time,1143015,11,12573165,7993473.61,4579691.39,88.65,Level 1 Standard,48
ORD-10580,ALPHA-CNT-2024-690,Ministry of Defense - Qatar,Middle East,Qatar,Cyber Security,Threat Intelligence Node,Airborne,SN-ALPHA-194952,16/9/2024,23/1/2025,,In Production,326452,39,12731628,10147502.44,2584125.56,92.22,Level 3 Top Secret,36
ORD-10581,ALPHA-CNT-2025-882,Ministry of Defense - Brazil,LATAM,Brazil,Cyber Security,Quantum Cipher Hardware,Digital Command,SN-ALPHA-516059,17/10/2025,10/2/2026,20/2/2026,Delivered Delayed,141563,43,6087209,4086389.75,2000819.25,93.73,Level 1 Standard,36
ORD-10582,ALPHA-CNT-2023-262,Ministry of Defense - Japan,Asia Pacific,Japan,Cyber Security,Threat Intelligence Node,Airborne,SN-ALPHA-481540,13/10/2024,23/2/2025,17/3/2025,Delivered Delayed,801616,31,24850096,14780612.94,10069483.06,93.99,Level 1 Standard,36
ORD-10583,ALPHA-CNT-2024-601,Ministry of Defense - USA,North America,USA,Aerospace Systems,Recon Surveillance Drone,Airborne,SN-ALPHA-626560,15/11/2024,26/1/2025,28/2/2025,Delivered Delayed,1395801,17,23728617,18337119.83,5391497.17,91.76,Level 1 Standard,36
ORD-10584,ALPHA-CNT-2025-904,Ministry of Defense - USA,North America,USA,Aerospace Systems,Recon Surveillance Drone,Airborne,SN-ALPHA-111106,27/6/2024,23/11/2024,13/11/2024,Delivered On Time,780602,33,25759866,17132599.48,8627266.52,96.68,Level 2 Restricted,24
ORD-10585,ALPHA-CNT-2023-881,Ministry of Defense - Saudi Arabia,Middle East,Saudi Arabia,Naval Technology,Submarine Communications Module,Digital Command,SN-ALPHA-794868,6/12/2023,6/2/2024,,Under Testing,809495,32,25903840,18842915.23,7060924.77,98.41,Level 1 Standard,36
ORD-10586,ALPHA-CNT-2024-898,Ministry of Defense - Chile,LATAM,Chile,Cyber Security,Quantum Cipher Hardware,Maritime,SN-ALPHA-350484,30/10/2025,14/4/2026,,Under Testing,1019655,29,29569995,23535583.9,6034411.1,99.17,Level 3 Top Secret,24
ORD-10587,ALPHA-CNT-2025-190,Ministry of Defense - USA,North America,USA,Tactical Avionics,Night Vision Targeting System,Airborne,SN-ALPHA-989173,28/6/2024,3/8/2024,4/9/2024,Delivered Delayed,217896,21,4575816,2574097.09,2001718.91,97.58,Level 1 Standard,24
ORD-10588,ALPHA-CNT-2023-232,Ministry of Defense - USA,North America,USA,Land Defense,Armored Tactical Vehicle,Ground Tactical,SN-ALPHA-945718,17/8/2024,25/12/2024,30/1/2025,Delivered Delayed,671912,21,14110152,8101677.33,6008474.67,98.12,Level 1 Standard,60
ORD-10589,ALPHA-CNT-2024-729,Ministry of Defense - India,Asia Pacific,India,Naval Technology,Submarine Communications Module,Digital Command,SN-ALPHA-743863,8/3/2024,29/8/2024,11/10/2024,Delivered Delayed,469515,40,18780600,13711982.47,5068617.53,94.55,Level 2 Restricted,24
ORD-10590,ALPHA-CNT-2025-544,Ministry of Defense - Poland,Europe,Poland,Aerospace Systems,Flight Control Radar,Ground Tactical,SN-ALPHA-817395,14/3/2025,19/4/2025,12/4/2025,Delivered On Time,1067497,23,24552431,15233709.29,9318721.71,97.83,Level 1 Standard,24
ORD-10591,ALPHA-CNT-2023-748,Ministry of Defense - UAE,Middle East,UAE,Naval Technology,Naval Target Radar,Airborne,SN-ALPHA-273899,19/3/2025,9/5/2025,9/6/2025,Delivered Delayed,80063,6,480378,286341.48,194036.52,91.61,Level 3 Top Secret,36
ORD-10592,ALPHA-CNT-2024-539,Ministry of Defense - UAE,Middle East,UAE,Naval Technology,Sonar Detection Array,Ground Tactical,SN-ALPHA-893988,29/4/2023,15/9/2023,7/10/2023,Delivered Delayed,1089272,22,23963984,13416008.06,10547975.94,92.74,Level 1 Standard,24
ORD-10593,ALPHA-CNT-2025-513,Ministry of Defense - UK,Europe,UK,Naval Technology,Naval Target Radar,Airborne,SN-ALPHA-639111,8/3/2024,11/5/2024,29/5/2024,Delivered Delayed,304371,38,11566098,6424524.2,5141573.8,91.77,Level 3 Top Secret,48
ORD-10594,ALPHA-CNT-2023-539,Ministry of Defense - USA,North America,USA,Naval Technology,Naval Target Radar,Digital Command,SN-ALPHA-247189,28/5/2024,23/10/2024,15/12/2024,Delivered Delayed,1035976,37,38331112,28503835.2,9827276.8,93.56,Level 2 Restricted,36
ORD-10595,ALPHA-CNT-2024-588,Ministry of Defense - Japan,Asia Pacific,Japan,Land Defense,Artillery Tracking Unit,Ground Tactical,SN-ALPHA-567896,3/1/2023,20/3/2023,12/3/2023,Delivered On Time,152166,45,6847470,3996240.72,2851229.28,91.4,Level 1 Standard,12
ORD-10596,ALPHA-CNT-2025-492,Ministry of Defense - India,Asia Pacific,India,Cyber Security,Threat Intelligence Node,Ground Tactical,SN-ALPHA-266956,20/2/2024,2/4/2024,1/4/2024,Delivered On Time,1113082,8,8904656,5938783.6,2965872.4,99.44,Level 2 Restricted,36
ORD-10597,ALPHA-CNT-2023-104,Ministry of Defense - Saudi Arabia,Middle East,Saudi Arabia,Tactical Avionics,Night Vision Targeting System,Airborne,SN-ALPHA-287847,7/9/2025,12/12/2025,7/12/2025,Delivered On Time,1323989,41,54283549,38078509.31,16205039.69,91.72,Level 1 Standard,24
ORD-10598,ALPHA-CNT-2024-138,Ministry of Defense - India,Asia Pacific,India,Naval Technology,Submarine Communications Module,Airborne,SN-ALPHA-693868,1/10/2023,5/2/2024,30/1/2024,Delivered On Time,1047358,49,51320542,33722109.74,17598432.26,89.17,Level 3 Top Secret,48
ORD-10599,ALPHA-CNT-2025-646,Ministry of Defense - France,Europe,France,Naval Technology,Naval Target Radar,Maritime,SN-ALPHA-693297,27/6/2025,18/10/2025,30/10/2025,Delivered Delayed,1212180,35,42426300,23621973.74,18804326.26,94.27,Level 2 Restricted,36
ORD-10600,ALPHA-CNT-2023-304,Ministry of Defense - USA,North America,USA,Naval Technology,Naval Target Radar,Airborne,SN-ALPHA-791444,20/7/2023,12/10/2023,4/11/2023,Delivered Delayed,1124602,11,12370622,9226942.33,3143679.67,88.68,Level 1 Standard,48
ORD-10601,ALPHA-CNT-2024-848,Ministry of Defense - Germany,Europe,Germany,Cyber Security,Threat Intelligence Node,Airborne,SN-ALPHA-253300,27/6/2025,20/11/2025,7/1/2026,Delivered Delayed,470888,24,11301312,6245424.91,5055887.09,89.32,Level 3 Top Secret,12
ORD-10602,ALPHA-CNT-2025-482,Ministry of Defense - Chile,LATAM,Chile,Aerospace Systems,Flight Control Radar,Maritime,SN-ALPHA-871667,23/9/2024,14/1/2025,4/1/2025,Delivered On Time,1413133,49,69243517,51272918.31,17970598.69,90.61,Level 2 Restricted,12
ORD-10603,ALPHA-CNT-2023-114,Ministry of Defense - Qatar,Middle East,Qatar,Aerospace Systems,Recon Surveillance Drone,Airborne,SN-ALPHA-867562,30/12/2024,25/4/2025,6/6/2025,Delivered Delayed,1353692,21,28427532,21983753.12,6443778.88,93.53,Level 1 Standard,60
ORD-10604,ALPHA-CNT-2024-429,Ministry of Defense - Japan,Asia Pacific,Japan,Land Defense,Ballistic Shielding Suite,Airborne,SN-ALPHA-606990,23/12/2023,28/4/2024,21/4/2024,Delivered On Time,1425786,2,2851572,1876933.15,974638.85,93.16,Level 2 Restricted,60
ORD-10605,ALPHA-CNT-2025-875,Ministry of Defense - Brazil,LATAM,Brazil,Aerospace Systems,Jet Engine Turbine Component,Maritime,SN-ALPHA-476224,30/6/2025,9/10/2025,1/10/2025,Delivered On Time,240285,40,9611400,6573098.23,3038301.77,97.52,Level 1 Standard,36
ORD-10606,ALPHA-CNT-2023-953,Ministry of Defense - South Korea,Asia Pacific,South Korea,Naval Technology,Naval Target Radar,Digital Command,SN-ALPHA-142383,13/6/2025,28/10/2025,14/12/2025,Delivered Delayed,1149547,19,21841393,14617261.58,7224131.42,96.8,Level 3 Top Secret,60
ORD-10607,ALPHA-CNT-2024-643,Ministry of Defense - USA,North America,USA,Naval Technology,Submarine Communications Module,Digital Command,SN-ALPHA-329448,27/1/2023,1/5/2023,,In Production,470497,39,18349383,11877595.15,6471787.85,93.07,Level 3 Top Secret,48
ORD-10608,ALPHA-CNT-2025-295,Ministry of Defense - Canada,North America,Canada,Naval Technology,Submarine Communications Module,Airborne,SN-ALPHA-898461,26/7/2024,14/9/2024,10/9/2024,Delivered On Time,163978,28,4591384,3543887.9,1047496.1,91.97,Level 2 Restricted,60
ORD-10609,ALPHA-CNT-2023-118,Ministry of Defense - USA,North America,USA,Land Defense,Artillery Tracking Unit,Airborne,SN-ALPHA-611329,2/1/2024,31/5/2024,31/5/2024,Delivered On Time,1257739,17,21381563,16538283.57,4843279.43,91.77,Level 2 Restricted,48
ORD-10610,ALPHA-CNT-2024-792,Ministry of Defense - Australia,Asia Pacific,Australia,Naval Technology,Sonar Detection Array,Maritime,SN-ALPHA-343007,10/12/2025,13/1/2026,10/1/2026,Delivered On Time,153864,6,923184,585256.27,337927.73,97.21,Level 1 Standard,60
ORD-10611,ALPHA-CNT-2025-104,Ministry of Defense - Chile,LATAM,Chile,Aerospace Systems,Flight Control Radar,Maritime,SN-ALPHA-165914,13/9/2025,28/2/2026,22/2/2026,Delivered On Time,1081259,19,20543921,14458142.66,6085778.34,88.62,Level 3 Top Secret,60
ORD-10612,ALPHA-CNT-2023-741,Ministry of Defense - Canada,North America,Canada,Cyber Security,Encrypted Comms Server,Digital Command,SN-ALPHA-377198,31/10/2024,13/12/2024,25/1/2025,Delivered Delayed,986114,38,37472332,29293129.58,8179202.42,88.15,Level 1 Standard,60
ORD-10613,ALPHA-CNT-2024-851,Ministry of Defense - Brazil,LATAM,Brazil,Cyber Security,Threat Intelligence Node,Ground Tactical,SN-ALPHA-487380,10/7/2023,6/11/2023,6/11/2023,Delivered On Time,444295,28,12440260,9834207.47,2606052.53,97.47,Level 3 Top Secret,24
ORD-10614,ALPHA-CNT-2025-354,Ministry of Defense - Australia,Asia Pacific,Australia,Tactical Avionics,Tactical Data Link,Airborne,SN-ALPHA-345386,25/5/2024,20/8/2024,20/8/2024,Delivered On Time,669674,2,1339348,907059.72,432288.28,93.68,Level 2 Restricted,24
ORD-10615,ALPHA-CNT-2023-331,Ministry of Defense - Chile,LATAM,Chile,Aerospace Systems,Recon Surveillance Drone,Ground Tactical,SN-ALPHA-144887,12/12/2025,28/1/2026,25/1/2026,Delivered On Time,498648,38,18948624,12566844.94,6381779.06,89.56,Level 1 Standard,60
ORD-10616,ALPHA-CNT-2024-810,Ministry of Defense - India,Asia Pacific,India,Naval Technology,Submarine Communications Module,Ground Tactical,SN-ALPHA-801062,10/4/2024,20/5/2024,16/5/2024,Delivered On Time,655151,37,24240587,15021251.3,9219335.7,90.8,Level 1 Standard,48
ORD-10617,ALPHA-CNT-2025-998,Ministry of Defense - Japan,Asia Pacific,Japan,Cyber Security,Threat Intelligence Node,Maritime,SN-ALPHA-316818,19/4/2025,26/5/2025,23/5/2025,Delivered On Time,390435,4,1561740,1233334.14,328405.86,99.1,Level 3 Top Secret,36
ORD-10618,ALPHA-CNT-2023-452,Ministry of Defense - UAE,Middle East,UAE,Aerospace Systems,Jet Engine Turbine Component,Airborne,SN-ALPHA-643042,20/7/2025,21/10/2025,19/10/2025,Delivered On Time,175659,22,3864498,2263450.3,1601047.7,98.23,Level 3 Top Secret,12
ORD-10619,ALPHA-CNT-2024-419,Ministry of Defense - India,Asia Pacific,India,Cyber Security,Threat Intelligence Node,Airborne,SN-ALPHA-929906,9/12/2025,28/2/2026,24/2/2026,Delivered On Time,1105811,26,28751086,19980779.8,8770306.2,96.45,Level 3 Top Secret,24
ORD-10620,ALPHA-CNT-2025-232,Ministry of Defense - Japan,Asia Pacific,Japan,Naval Technology,Naval Target Radar,Maritime,SN-ALPHA-478799,25/7/2025,29/8/2025,25/8/2025,Delivered On Time,1443453,49,70729197,43897196.73,26832000.27,93.74,Level 2 Restricted,60
ORD-10621,ALPHA-CNT-2023-205,Ministry of Defense - UK,Europe,UK,Cyber Security,Threat Intelligence Node,Ground Tactical,SN-ALPHA-506945,24/10/2024,1/1/2025,,In Production,1161288,43,49935384,30947557.73,18987826.27,94.19,Level 1 Standard,12
ORD-10622,ALPHA-CNT-2024-492,Ministry of Defense - Canada,North America,Canada,Tactical Avionics,Cockpit Head Up Display,Maritime,SN-ALPHA-592489,20/12/2024,21/3/2025,16/3/2025,Delivered On Time,1251121,36,45040356,29332178.14,15708177.86,99.61,Level 3 Top Secret,24
ORD-10623,ALPHA-CNT-2025-615,Ministry of Defense - Saudi Arabia,Middle East,Saudi Arabia,Tactical Avionics,Cockpit Head Up Display,Digital Command,SN-ALPHA-576728,8/6/2025,9/8/2025,,Under Testing,812178,13,10558314,8443465.06,2114848.94,99.49,Level 2 Restricted,36
ORD-10624,ALPHA-CNT-2023-702,Ministry of Defense - UAE,Middle East,UAE,Cyber Security,Quantum Cipher Hardware,Airborne,SN-ALPHA-148693,23/7/2025,21/12/2025,20/12/2025,Delivered On Time,175849,32,5627168,3172268.56,2454899.44,90.56,Level 3 Top Secret,48
ORD-10625,ALPHA-CNT-2024-413,Ministry of Defense - Saudi Arabia,Middle East,Saudi Arabia,Aerospace Systems,Flight Control Radar,Digital Command,SN-ALPHA-141843,21/8/2025,19/10/2025,,In Production,1074903,17,18273351,12693317.48,5580033.52,97.65,Level 1 Standard,60
ORD-10626,ALPHA-CNT-2025-271,Ministry of Defense - Poland,Europe,Poland,Aerospace Systems,Jet Engine Turbine Component,Maritime,SN-ALPHA-780027,24/9/2023,16/3/2024,21/3/2024,Delivered Delayed,305493,41,12525213,7147425.62,5377787.38,90.35,Level 3 Top Secret,36
ORD-10627,ALPHA-CNT-2023-166,Ministry of Defense - South Korea,Asia Pacific,South Korea,Aerospace Systems,Jet Engine Turbine Component,Airborne,SN-ALPHA-439813,15/1/2023,10/4/2023,16/5/2023,Delivered Delayed,654111,36,23547996,13861061.77,9686934.23,90.54,Level 1 Standard,24
ORD-10628,ALPHA-CNT-2024-943,Ministry of Defense - USA,North America,USA,Cyber Security,Threat Intelligence Node,Digital Command,SN-ALPHA-208239,10/6/2025,6/11/2025,28/12/2025,Delivered Delayed,1202791,46,55328386,36510689.33,18817696.67,96.05,Level 2 Restricted,60
ORD-10629,ALPHA-CNT-2025-146,Ministry of Defense - Chile,LATAM,Chile,Aerospace Systems,Recon Surveillance Drone,Digital Command,SN-ALPHA-837920,29/4/2024,2/8/2024,27/7/2024,Delivered On Time,82230,19,1562370,1058685.4,503684.6,92.82,Level 2 Restricted,12
ORD-10630,ALPHA-CNT-2023-405,Ministry of Defense - Japan,Asia Pacific,Japan,Naval Technology,Sonar Detection Array,Ground Tactical,SN-ALPHA-646699,13/3/2023,15/7/2023,13/7/2023,Delivered On Time,396717,35,13885095,8535141.54,5349953.46,99.09,Level 3 Top Secret,48
ORD-10631,ALPHA-CNT-2024-397,Ministry of Defense - UK,Europe,UK,Tactical Avionics,Tactical Data Link,Airborne,SN-ALPHA-764343,7/5/2025,18/7/2025,16/7/2025,Delivered On Time,797948,46,36705608,23092022.25,13613585.75,89.06,Level 1 Standard,24
ORD-10632,ALPHA-CNT-2025-566,Ministry of Defense - Japan,Asia Pacific,Japan,Naval Technology,Naval Target Radar,Digital Command,SN-ALPHA-969948,17/6/2023,15/8/2023,13/9/2023,Delivered Delayed,512092,40,20483680,11711375.15,8772304.85,94.09,Level 1 Standard,48
ORD-10633,ALPHA-CNT-2023-845,Ministry of Defense - Japan,Asia Pacific,Japan,Aerospace Systems,Jet Engine Turbine Component,Digital Command,SN-ALPHA-386780,18/11/2023,28/1/2024,20/1/2024,Delivered On Time,352788,28,9878064,6181741.31,3696322.69,98.93,Level 1 Standard,60
ORD-10634,ALPHA-CNT-2024-632,Ministry of Defense - France,Europe,France,Naval Technology,Sonar Detection Array,Ground Tactical,SN-ALPHA-975427,4/3/2023,21/6/2023,18/6/2023,Delivered On Time,1278312,1,1278312,1011962.41,266349.59,98.76,Level 3 Top Secret,36
ORD-10635,ALPHA-CNT-2025-710,Ministry of Defense - UAE,Middle East,UAE,Aerospace Systems,Recon Surveillance Drone,Digital Command,SN-ALPHA-877948,25/10/2025,21/12/2025,27/1/2026,Delivered Delayed,881635,42,37028670,29111082.97,7917587.03,89.86,Level 1 Standard,48
ORD-10636,ALPHA-CNT-2023-636,Ministry of Defense - UAE,Middle East,UAE,Cyber Security,Encrypted Comms Server,Digital Command,SN-ALPHA-376106,9/11/2025,6/5/2026,15/6/2026,Delivered Delayed,1427397,18,25693146,16282249.5,9410896.5,92.36,Level 1 Standard,12
ORD-10637,ALPHA-CNT-2024-445,Ministry of Defense - USA,North America,USA,Naval Technology,Naval Target Radar,Digital Command,SN-ALPHA-706739,4/10/2024,9/11/2024,6/1/2025,Delivered Delayed,697534,48,33481632,23193177.96,10288454.04,95.37,Level 1 Standard,24
ORD-10638,ALPHA-CNT-2025-544,Ministry of Defense - Canada,North America,Canada,Cyber Security,Quantum Cipher Hardware,Ground Tactical,SN-ALPHA-670792,29/5/2023,15/9/2023,1/11/2023,Delivered Delayed,1183393,40,47335720,36798734.19,10536985.81,89.9,Level 1 Standard,12
ORD-10639,ALPHA-CNT-2023-803,Ministry of Defense - Qatar,Middle East,Qatar,Cyber Security,Encrypted Comms Server,Digital Command,SN-ALPHA-697856,24/5/2025,17/11/2025,,Under Testing,1337233,33,44128689,24338999.95,19789689.05,99.52,Level 3 Top Secret,48
ORD-10640,ALPHA-CNT-2024-237,Ministry of Defense - Chile,LATAM,Chile,Land Defense,Ballistic Shielding Suite,Digital Command,SN-ALPHA-282294,12/6/2025,16/10/2025,11/10/2025,Delivered On Time,1315609,12,15787308,11882647.2,3904660.8,98.89,Level 3 Top Secret,36
ORD-10641,ALPHA-CNT-2025-450,Ministry of Defense - India,Asia Pacific,India,Aerospace Systems,Recon Surveillance Drone,Airborne,SN-ALPHA-494956,6/1/2023,17/5/2023,16/5/2023,Delivered On Time,281414,8,2251312,1771990.54,479321.46,89.99,Level 1 Standard,36
ORD-10642,ALPHA-CNT-2023-601,Ministry of Defense - Chile,LATAM,Chile,Tactical Avionics,Cockpit Head Up Display,Airborne,SN-ALPHA-785428,1/6/2025,20/8/2025,14/8/2025,Delivered On Time,306812,24,7363488,4218037.39,3145450.61,89.44,Level 1 Standard,12
ORD-10643,ALPHA-CNT-2024-467,Ministry of Defense - India,Asia Pacific,India,Aerospace Systems,Recon Surveillance Drone,Ground Tactical,SN-ALPHA-496905,17/5/2025,5/7/2025,5/7/2025,Delivered On Time,354958,16,5679328,3352858.99,2326469.01,89.02,Level 2 Restricted,60
ORD-10644,ALPHA-CNT-2025-868,Ministry of Defense - UAE,Middle East,UAE,Tactical Avionics,Night Vision Targeting System,Maritime,SN-ALPHA-483041,3/7/2023,3/10/2023,,In Production,220956,4,883824,698385.86,185438.14,98.82,Level 2 Restricted,60
ORD-10645,ALPHA-CNT-2023-292,Ministry of Defense - USA,North America,USA,Aerospace Systems,Flight Control Radar,Airborne,SN-ALPHA-716225,18/7/2024,12/9/2024,6/9/2024,Delivered On Time,1456065,38,55330470,37867345.7,17463124.3,90.3,Level 1 Standard,36
ORD-10646,ALPHA-CNT-2024-268,Ministry of Defense - Canada,North America,Canada,Cyber Security,Quantum Cipher Hardware,Ground Tactical,SN-ALPHA-785073,22/3/2024,7/7/2024,13/7/2024,Delivered Delayed,1355710,44,59651240,33019893.71,26631346.29,92.95,Level 1 Standard,12
ORD-10647,ALPHA-CNT-2025-931,Ministry of Defense - Brazil,LATAM,Brazil,Naval Technology,Submarine Communications Module,Digital Command,SN-ALPHA-976052,4/5/2025,3/7/2025,26/6/2025,Delivered On Time,1460808,27,39441816,24233367.27,15208448.73,93.34,Level 2 Restricted,12
ORD-10648,ALPHA-CNT-2023-513,Ministry of Defense - Canada,North America,Canada,Naval Technology,Sonar Detection Array,Digital Command,SN-ALPHA-181618,26/5/2024,16/11/2024,25/11/2024,Delivered Delayed,905754,9,8151786,5400443.44,2751342.56,95.13,Level 2 Restricted,12
ORD-10649,ALPHA-CNT-2024-119,Ministry of Defense - UAE,Middle East,UAE,Land Defense,Ballistic Shielding Suite,Ground Tactical,SN-ALPHA-641760,3/11/2025,13/12/2025,11/2/2026,Delivered Delayed,71650,47,3367550,2435503.85,932046.15,88.85,Level 1 Standard,48
ORD-10650,ALPHA-CNT-2025-333,Ministry of Defense - Brazil,LATAM,Brazil,Tactical Avionics,Cockpit Head Up Display,Digital Command,SN-ALPHA-363807,21/7/2025,16/11/2025,11/11/2025,Delivered On Time,1454962,16,23279392,17070547.56,6208844.44,90.7,Level 3 Top Secret,60
ORD-10651,ALPHA-CNT-2023-329,Ministry of Defense - Australia,Asia Pacific,Australia,Tactical Avionics,Cockpit Head Up Display,Digital Command,SN-ALPHA-494609,21/3/2024,3/9/2024,25/8/2024,Delivered On Time,976694,12,11720328,9362847.06,2357480.94,99.08,Level 3 Top Secret,60
ORD-10652,ALPHA-CNT-2024-844,Ministry of Defense - Canada,North America,Canada,Tactical Avionics,Tactical Data Link,Maritime,SN-ALPHA-333726,10/8/2023,27/12/2023,21/12/2023,Delivered On Time,1269097,31,39342007,24465920.75,14876086.25,98.81,Level 1 Standard,48
ORD-10653,ALPHA-CNT-2025-234,Ministry of Defense - Poland,Europe,Poland,Cyber Security,Encrypted Comms Server,Digital Command,SN-ALPHA-641455,10/10/2025,11/2/2026,2/2/2026,Delivered On Time,1269309,24,30463416,20853884.52,9609531.48,97.3,Level 1 Standard,24
ORD-10654,ALPHA-CNT-2023-316,Ministry of Defense - USA,North America,USA,Tactical Avionics,Night Vision Targeting System,Airborne,SN-ALPHA-525556,29/8/2023,15/10/2023,9/10/2023,Delivered On Time,866141,14,12125974,8286052.57,3839921.43,88.23,Level 2 Restricted,48
ORD-10655,ALPHA-CNT-2024-851,Ministry of Defense - South Korea,Asia Pacific,South Korea,Naval Technology,Naval Target Radar,Digital Command,SN-ALPHA-470040,2/11/2025,10/4/2026,31/3/2026,Delivered On Time,292037,45,13141665,8560629.28,4581035.72,91.89,Level 2 Restricted,12
ORD-10656,ALPHA-CNT-2025-122,Ministry of Defense - Chile,LATAM,Chile,Cyber Security,Threat Intelligence Node,Ground Tactical,SN-ALPHA-956934,27/8/2024,22/12/2024,16/12/2024,Delivered On Time,1179004,25,29475100,17457820.93,12017279.07,95.47,Level 3 Top Secret,48
ORD-10657,ALPHA-CNT-2023-703,Ministry of Defense - Australia,Asia Pacific,Australia,Aerospace Systems,Flight Control Radar,Maritime,SN-ALPHA-461792,30/3/2024,2/5/2024,25/5/2024,Delivered Delayed,256251,34,8712534,6920924.59,1791609.41,91.27,Level 1 Standard,12
ORD-10658,ALPHA-CNT-2024-616,Ministry of Defense - UK,Europe,UK,Tactical Avionics,Tactical Data Link,Digital Command,SN-ALPHA-610511,26/2/2023,13/7/2023,25/7/2023,Delivered Delayed,584231,3,1752693,1337881.91,414811.09,98.82,Level 2 Restricted,36
ORD-10659,ALPHA-CNT-2025-273,Ministry of Defense - UAE,Middle East,UAE,Tactical Avionics,Cockpit Head Up Display,Ground Tactical,SN-ALPHA-931161,15/8/2024,17/1/2025,16/2/2025,Delivered Delayed,71042,24,1705008,1150169.85,554838.15,95.54,Level 3 Top Secret,12
ORD-10660,ALPHA-CNT-2023-226,Ministry of Defense - USA,North America,USA,Aerospace Systems,Flight Control Radar,Airborne,SN-ALPHA-605529,21/5/2024,17/7/2024,17/7/2024,Delivered On Time,880326,42,36973692,25911583.21,11062108.79,88.86,Level 3 Top Secret,60
ORD-10661,ALPHA-CNT-2024-475,Ministry of Defense - Chile,LATAM,Chile,Tactical Avionics,Night Vision Targeting System,Digital Command,SN-ALPHA-733561,13/3/2025,31/7/2025,25/8/2025,Delivered Delayed,1028582,9,9257238,5617433.32,3639804.68,98.82,Level 3 Top Secret,48
ORD-10662,ALPHA-CNT-2025-828,Ministry of Defense - UAE,Middle East,UAE,Aerospace Systems,Flight Control Radar,Maritime,SN-ALPHA-106918,27/8/2024,27/12/2024,25/12/2024,Delivered On Time,368903,26,9591478,6579243.33,3012234.67,99.4,Level 2 Restricted,12
ORD-10663,ALPHA-CNT-2023-766,Ministry of Defense - India,Asia Pacific,India,Cyber Security,Quantum Cipher Hardware,Digital Command,SN-ALPHA-626214,3/7/2025,27/11/2025,18/11/2025,Delivered On Time,1466693,20,29333860,21230162.15,8103697.85,88.92,Level 2 Restricted,24
ORD-10664,ALPHA-CNT-2024-911,Ministry of Defense - Brazil,LATAM,Brazil,Naval Technology,Sonar Detection Array,Ground Tactical,SN-ALPHA-245718,1/10/2024,9/12/2024,,In Production,944801,40,37792040,25652925.24,12139114.76,94.34,Level 1 Standard,36
ORD-10665,ALPHA-CNT-2025-138,Ministry of Defense - Saudi Arabia,Middle East,Saudi Arabia,Aerospace Systems,Recon Surveillance Drone,Maritime,SN-ALPHA-561267,15/7/2024,3/12/2024,26/11/2024,Delivered On Time,864811,10,8648110,6897484.27,1750625.73,91.61,Level 1 Standard,24
ORD-10666,ALPHA-CNT-2023-484,Ministry of Defense - Brazil,LATAM,Brazil,Land Defense,Ballistic Shielding Suite,Digital Command,SN-ALPHA-273650,29/5/2023,12/8/2023,9/10/2023,Delivered Delayed,432811,19,8223409,5779703.07,2443705.93,92.67,Level 3 Top Secret,24
ORD-10667,ALPHA-CNT-2024-997,Ministry of Defense - UK,Europe,UK,Aerospace Systems,Jet Engine Turbine Component,Airborne,SN-ALPHA-341162,29/1/2024,10/7/2024,28/8/2024,Delivered Delayed,551691,3,1655073,1063787.29,591285.71,90.14,Level 3 Top Secret,24
ORD-10668,ALPHA-CNT-2025-755,Ministry of Defense - UK,Europe,UK,Tactical Avionics,Cockpit Head Up Display,Maritime,SN-ALPHA-180832,28/1/2023,7/5/2023,2/5/2023,Delivered On Time,1058314,24,25399536,18872820.61,6526715.39,94.88,Level 2 Restricted,36
ORD-10669,ALPHA-CNT-2023-361,Ministry of Defense - USA,North America,USA,Cyber Security,Quantum Cipher Hardware,Airborne,SN-ALPHA-639535,4/10/2024,20/3/2025,19/3/2025,Delivered On Time,264304,5,1321520,783153.4,538366.6,99.4,Level 2 Restricted,36
ORD-10670,ALPHA-CNT-2024-889,Ministry of Defense - USA,North America,USA,Cyber Security,Quantum Cipher Hardware,Ground Tactical,SN-ALPHA-774734,10/5/2024,10/10/2024,4/10/2024,Delivered On Time,446178,3,1338534,864865.57,473668.43,93.99,Level 1 Standard,36
ORD-10671,ALPHA-CNT-2025-647,Ministry of Defense - Germany,Europe,Germany,Aerospace Systems,Jet Engine Turbine Component,Digital Command,SN-ALPHA-394450,7/8/2023,3/1/2024,,In Production,488963,27,13202001,8406238.65,4795762.35,88.99,Level 1 Standard,36
ORD-10672,ALPHA-CNT-2023-738,Ministry of Defense - Chile,LATAM,Chile,Naval Technology,Sonar Detection Array,Airborne,SN-ALPHA-321791,15/2/2024,5/7/2024,4/7/2024,Delivered On Time,961612,16,15385792,10123109.14,5262682.86,95.38,Level 1 Standard,24
ORD-10673,ALPHA-CNT-2024-149,Ministry of Defense - France,Europe,France,Land Defense,Armored Tactical Vehicle,Ground Tactical,SN-ALPHA-257538,20/10/2024,26/1/2025,23/1/2025,Delivered On Time,364493,49,17860157,13313763.96,4546393.04,92.05,Level 2 Restricted,60
ORD-10674,ALPHA-CNT-2025-708,Ministry of Defense - Canada,North America,Canada,Cyber Security,Threat Intelligence Node,Digital Command,SN-ALPHA-295984,27/4/2025,17/8/2025,11/8/2025,Delivered On Time,251904,15,3778560,2535577.21,1242982.79,98.19,Level 3 Top Secret,60
ORD-10675,ALPHA-CNT-2023-149,Ministry of Defense - Germany,Europe,Germany,Tactical Avionics,Cockpit Head Up Display,Ground Tactical,SN-ALPHA-265001,8/5/2023,8/8/2023,19/9/2023,Delivered Delayed,761716,35,26660060,19955151.22,6704908.78,93.17,Level 1 Standard,36
ORD-10676,ALPHA-CNT-2024-777,Ministry of Defense - France,Europe,France,Tactical Avionics,Cockpit Head Up Display,Airborne,SN-ALPHA-479818,13/4/2024,4/6/2024,29/5/2024,Delivered On Time,720105,12,8641260,5998090.62,2643169.38,90.29,Level 1 Standard,48
ORD-10677,ALPHA-CNT-2025-210,Ministry of Defense - Brazil,LATAM,Brazil,Naval Technology,Submarine Communications Module,Ground Tactical,SN-ALPHA-731264,20/12/2025,31/3/2026,23/3/2026,Delivered On Time,55730,41,2284930,1452112.68,832817.32,90.27,Level 2 Restricted,12
ORD-10678,ALPHA-CNT-2023-769,Ministry of Defense - Qatar,Middle East,Qatar,Cyber Security,Threat Intelligence Node,Maritime,SN-ALPHA-852146,2/4/2024,25/8/2024,4/9/2024,Delivered Delayed,1300786,44,57234584,43068720.31,14165863.69,97.15,Level 1 Standard,48
ORD-10679,ALPHA-CNT-2024-956,Ministry of Defense - Canada,North America,Canada,Aerospace Systems,Recon Surveillance Drone,Digital Command,SN-ALPHA-956639,1/7/2025,1/10/2025,,Under Testing,788471,26,20500246,12496384.52,8003861.48,91.16,Level 3 Top Secret,48
ORD-10680,ALPHA-CNT-2025-120,Ministry of Defense - Brazil,LATAM,Brazil,Tactical Avionics,Tactical Data Link,Ground Tactical,SN-ALPHA-224078,6/12/2024,3/5/2025,27/4/2025,Delivered On Time,1117599,47,52527153,31836483.93,20690669.07,97.13,Level 2 Restricted,48
ORD-10681,ALPHA-CNT-2023-149,Ministry of Defense - UK,Europe,UK,Naval Technology,Submarine Communications Module,Airborne,SN-ALPHA-793223,23/3/2024,14/9/2024,10/9/2024,Delivered On Time,395430,34,13444620,9090253.53,4354366.47,90.45,Level 1 Standard,60
ORD-10682,ALPHA-CNT-2024-806,Ministry of Defense - France,Europe,France,Cyber Security,Encrypted Comms Server,Digital Command,SN-ALPHA-341535,19/11/2025,26/3/2026,21/3/2026,Delivered On Time,878411,23,20203453,12429413.02,7774039.98,91.83,Level 1 Standard,12
ORD-10683,ALPHA-CNT-2025-218,Ministry of Defense - Saudi Arabia,Middle East,Saudi Arabia,Cyber Security,Encrypted Comms Server,Maritime,SN-ALPHA-534753,3/10/2024,27/1/2025,15/2/2025,Delivered Delayed,458213,31,14204603,7844801.08,6359801.92,93.54,Level 2 Restricted,48
ORD-10684,ALPHA-CNT-2023-526,Ministry of Defense - Canada,North America,Canada,Cyber Security,Threat Intelligence Node,Digital Command,SN-ALPHA-950576,28/1/2025,6/3/2025,1/3/2025,Delivered On Time,750399,20,15007980,10686798.08,4321181.92,99.22,Level 2 Restricted,36
ORD-10685,ALPHA-CNT-2024-554,Ministry of Defense - USA,North America,USA,Cyber Security,Quantum Cipher Hardware,Maritime,SN-ALPHA-446265,28/8/2025,31/1/2026,29/1/2026,Delivered On Time,70923,12,851076,576836.72,274239.28,99.09,Level 1 Standard,60
ORD-10686,ALPHA-CNT-2025-489,Ministry of Defense - South Korea,Asia Pacific,South Korea,Cyber Security,Quantum Cipher Hardware,Digital Command,SN-ALPHA-855242,21/6/2025,12/10/2025,21/10/2025,Delivered Delayed,897405,23,20640315,13651080.26,6989234.74,90.46,Level 3 Top Secret,36
ORD-10687,ALPHA-CNT-2023-226,Ministry of Defense - USA,North America,USA,Tactical Avionics,Cockpit Head Up Display,Ground Tactical,SN-ALPHA-218844,8/10/2024,23/12/2024,29/1/2025,Delivered Delayed,1494679,4,5978716,4733601.33,1245114.67,92.26,Level 2 Restricted,36
ORD-10688,ALPHA-CNT-2024-660,Ministry of Defense - Saudi Arabia,Middle East,Saudi Arabia,Naval Technology,Submarine Communications Module,Ground Tactical,SN-ALPHA-604906,29/10/2024,1/4/2025,22/3/2025,Delivered On Time,244795,23,5630285,3900660.3,1729624.7,89.78,Level 3 Top Secret,48
ORD-10689,ALPHA-CNT-2025-358,Ministry of Defense - India,Asia Pacific,India,Cyber Security,Threat Intelligence Node,Airborne,SN-ALPHA-808029,31/1/2023,25/4/2023,,In Production,878854,48,42184992,32307709.15,9877282.85,94.07,Level 1 Standard,36
ORD-10690,ALPHA-CNT-2023-585,Ministry of Defense - South Korea,Asia Pacific,South Korea,Land Defense,Artillery Tracking Unit,Maritime,SN-ALPHA-602073,22/12/2025,21/4/2026,3/5/2026,Delivered Delayed,283462,48,13606176,7957742.91,5648433.09,93.48,Level 3 Top Secret,12
ORD-10691,ALPHA-CNT-2024-818,Ministry of Defense - UK,Europe,UK,Land Defense,Ballistic Shielding Suite,Airborne,SN-ALPHA-602290,21/10/2024,25/1/2025,17/1/2025,Delivered On Time,101413,1,101413,70208.38,31204.62,98.72,Level 1 Standard,36
ORD-10692,ALPHA-CNT-2025-256,Ministry of Defense - Poland,Europe,Poland,Naval Technology,Naval Target Radar,Ground Tactical,SN-ALPHA-320939,22/4/2024,17/8/2024,9/8/2024,Delivered On Time,938916,25,23472900,18003594.75,5469305.25,99.07,Level 1 Standard,48
ORD-10693,ALPHA-CNT-2023-310,Ministry of Defense - USA,North America,USA,Aerospace Systems,Jet Engine Turbine Component,Maritime,SN-ALPHA-719489,13/6/2024,22/9/2024,,Under Testing,1354295,2,2708590,1884573.11,824016.89,92.56,Level 1 Standard,36
ORD-10694,ALPHA-CNT-2024-811,Ministry of Defense - South Korea,Asia Pacific,South Korea,Aerospace Systems,Flight Control Radar,Airborne,SN-ALPHA-269078,17/11/2025,25/2/2026,22/2/2026,Delivered On Time,603044,30,18091320,13197682.07,4893637.93,93.85,Level 1 Standard,60
ORD-10695,ALPHA-CNT-2025-802,Ministry of Defense - Germany,Europe,Germany,Aerospace Systems,Recon Surveillance Drone,Airborne,SN-ALPHA-778700,3/3/2025,22/8/2025,17/8/2025,Delivered On Time,1432296,3,4296888,2762945.79,1533942.21,98.67,Level 3 Top Secret,60
ORD-10696,ALPHA-CNT-2023-745,Ministry of Defense - Saudi Arabia,Middle East,Saudi Arabia,Land Defense,Ballistic Shielding Suite,Airborne,SN-ALPHA-973846,27/1/2025,28/2/2025,23/2/2025,Delivered On Time,1371024,21,28791504,16500767.36,12290736.64,97.6,Level 1 Standard,60
ORD-10697,ALPHA-CNT-2024-109,Ministry of Defense - UK,Europe,UK,Aerospace Systems,Flight Control Radar,Airborne,SN-ALPHA-530859,4/4/2025,13/9/2025,3/11/2025,Delivered Delayed,460226,25,11505650,7645217.63,3860432.37,88.04,Level 1 Standard,24
ORD-10698,ALPHA-CNT-2025-408,Ministry of Defense - UK,Europe,UK,Tactical Avionics,Night Vision Targeting System,Airborne,SN-ALPHA-123536,8/10/2023,25/12/2023,15/12/2023,Delivered On Time,1225615,20,24512300,15899164.29,8613135.71,91.81,Level 3 Top Secret,60
ORD-10699,ALPHA-CNT-2023-530,Ministry of Defense - Australia,Asia Pacific,Australia,Cyber Security,Encrypted Comms Server,Maritime,SN-ALPHA-355506,9/5/2024,29/6/2024,27/6/2024,Delivered On Time,230074,49,11273626,8644222.35,2629403.65,93.02,Level 2 Restricted,60
ORD-10700,ALPHA-CNT-2024-777,Ministry of Defense - Japan,Asia Pacific,Japan,Land Defense,Armored Tactical Vehicle,Airborne,SN-ALPHA-145240,17/5/2025,16/8/2025,13/8/2025,Delivered On Time,706735,22,15548170,9499913.61,6048256.39,90.73,Level 3 Top Secret,24
ORD-10701,ALPHA-CNT-2025-203,Ministry of Defense - Brazil,LATAM,Brazil,Naval Technology,Submarine Communications Module,Maritime,SN-ALPHA-234097,21/2/2025,5/7/2025,4/7/2025,Delivered On Time,858524,21,18029004,14273266.01,3755737.99,90.37,Level 3 Top Secret,60
ORD-10702,ALPHA-CNT-2023-778,Ministry of Defense - UAE,Middle East,UAE,Naval Technology,Sonar Detection Array,Airborne,SN-ALPHA-701344,13/6/2024,15/11/2024,29/11/2024,Delivered Delayed,181562,33,5991546,4730532.45,1261013.55,88.45,Level 3 Top Secret,48
ORD-10703,ALPHA-CNT-2024-632,Ministry of Defense - Australia,Asia Pacific,Australia,Cyber Security,Quantum Cipher Hardware,Ground Tactical,SN-ALPHA-721121,22/2/2023,13/8/2023,3/9/2023,Delivered Delayed,1102305,38,41887590,25631347.68,16256242.32,95.66,Level 1 Standard,60
ORD-10704,ALPHA-CNT-2025-376,Ministry of Defense - USA,North America,USA,Land Defense,Artillery Tracking Unit,Ground Tactical,SN-ALPHA-268956,29/8/2023,28/11/2023,25/11/2023,Delivered On Time,692510,15,10387650,6617067.97,3770582.03,91.12,Level 1 Standard,60
ORD-10705,ALPHA-CNT-2023-737,Ministry of Defense - Saudi Arabia,Middle East,Saudi Arabia,Aerospace Systems,Jet Engine Turbine Component,Airborne,SN-ALPHA-241268,4/9/2023,2/2/2024,31/1/2024,Delivered On Time,1445936,46,66513056,51473718.09,15039337.91,88.62,Level 1 Standard,24
ORD-10706,ALPHA-CNT-2024-720,Ministry of Defense - Saudi Arabia,Middle East,Saudi Arabia,Aerospace Systems,Flight Control Radar,Digital Command,SN-ALPHA-760120,6/3/2023,8/8/2023,20/9/2023,Delivered Delayed,658148,15,9872220,7815397.81,2056822.19,90.75,Level 2 Restricted,48
ORD-10707,ALPHA-CNT-2025-817,Ministry of Defense - India,Asia Pacific,India,Tactical Avionics,Tactical Data Link,Ground Tactical,SN-ALPHA-637544,24/3/2024,15/8/2024,13/8/2024,Delivered On Time,308360,46,14184560,9374005.14,4810554.86,97.54,Level 1 Standard,36
ORD-10708,ALPHA-CNT-2023-240,Ministry of Defense - UAE,Middle East,UAE,Tactical Avionics,Cockpit Head Up Display,Maritime,SN-ALPHA-141094,7/11/2025,11/12/2025,1/12/2025,Delivered On Time,409014,25,10225350,6444519.29,3780830.71,98.13,Level 2 Restricted,12
ORD-10709,ALPHA-CNT-2024-528,Ministry of Defense - Australia,Asia Pacific,Australia,Aerospace Systems,Recon Surveillance Drone,Airborne,SN-ALPHA-700067,13/11/2023,5/1/2024,,Under Testing,1119974,21,23519454,16029060.69,7490393.31,93.75,Level 1 Standard,48
ORD-10710,ALPHA-CNT-2025-950,Ministry of Defense - UK,Europe,UK,Naval Technology,Naval Target Radar,Maritime,SN-ALPHA-253999,11/2/2024,26/5/2024,4/6/2024,Delivered Delayed,346794,24,8323056,6008766.2,2314289.8,92.95,Level 3 Top Secret,36
ORD-10711,ALPHA-CNT-2023-207,Ministry of Defense - Chile,LATAM,Chile,Naval Technology,Submarine Communications Module,Digital Command,SN-ALPHA-158627,21/8/2023,15/11/2023,13/11/2023,Delivered On Time,678177,5,3390885,2096816.91,1294068.09,99.64,Level 1 Standard,48
ORD-10712,ALPHA-CNT-2024-623,Ministry of Defense - Germany,Europe,Germany,Tactical Avionics,Night Vision Targeting System,Airborne,SN-ALPHA-274421,12/11/2024,25/3/2025,15/3/2025,Delivered On Time,1363879,6,8183274,6007491.15,2175782.85,90.39,Level 2 Restricted,36
ORD-10713,ALPHA-CNT-2025-836,Ministry of Defense - South Korea,Asia Pacific,South Korea,Cyber Security,Quantum Cipher Hardware,Ground Tactical,SN-ALPHA-370804,13/5/2024,13/8/2024,6/8/2024,Delivered On Time,410306,49,20104994,11317389.41,8787604.59,90.56,Level 2 Restricted,36
ORD-10714,ALPHA-CNT-2023-732,Ministry of Defense - Australia,Asia Pacific,Australia,Aerospace Systems,Jet Engine Turbine Component,Maritime,SN-ALPHA-288783,31/5/2023,16/9/2023,9/9/2023,Delivered On Time,1324535,43,56955005,32027144.77,24927860.23,91.47,Level 1 Standard,48
ORD-10715,ALPHA-CNT-2024-220,Ministry of Defense - Poland,Europe,Poland,Tactical Avionics,Cockpit Head Up Display,Ground Tactical,SN-ALPHA-641737,3/9/2024,28/2/2025,19/2/2025,Delivered On Time,677122,48,32501856,21014787.64,11487068.36,90.06,Level 3 Top Secret,24
ORD-10716,ALPHA-CNT-2025-389,Ministry of Defense - Canada,North America,Canada,Tactical Avionics,Cockpit Head Up Display,Ground Tactical,SN-ALPHA-525151,31/5/2024,2/10/2024,23/9/2024,Delivered On Time,568490,44,25013560,15967863.72,9045696.28,92.51,Level 1 Standard,48
ORD-10717,ALPHA-CNT-2023-216,Ministry of Defense - Canada,North America,Canada,Aerospace Systems,Jet Engine Turbine Component,Airborne,SN-ALPHA-728471,13/12/2023,12/5/2024,5/5/2024,Delivered On Time,603608,47,28369576,17841861.92,10527714.08,98.84,Level 1 Standard,48
ORD-10718,ALPHA-CNT-2024-903,Ministry of Defense - USA,North America,USA,Aerospace Systems,Jet Engine Turbine Component,Maritime,SN-ALPHA-690982,16/7/2025,3/1/2026,,Under Testing,513092,23,11801116,7939259.09,3861856.91,95.32,Level 1 Standard,36
ORD-10719,ALPHA-CNT-2025-208,Ministry of Defense - South Korea,Asia Pacific,South Korea,Naval Technology,Submarine Communications Module,Digital Command,SN-ALPHA-768595,4/9/2025,16/2/2026,5/4/2026,Delivered Delayed,84924,4,339696,214070.78,125625.22,92.9,Level 3 Top Secret,12
ORD-10720,ALPHA-CNT-2023-609,Ministry of Defense - UAE,Middle East,UAE,Cyber Security,Threat Intelligence Node,Ground Tactical,SN-ALPHA-119524,4/10/2024,30/1/2025,21/1/2025,Delivered On Time,1311368,27,35406936,21175630.75,14231305.25,99.12,Level 2 Restricted,36
ORD-10721,ALPHA-CNT-2024-303,Ministry of Defense - Japan,Asia Pacific,Japan,Cyber Security,Quantum Cipher Hardware,Airborne,SN-ALPHA-854500,19/8/2024,4/1/2025,25/12/2024,Delivered On Time,745385,18,13416930,8417344.32,4999585.68,88.58,Level 3 Top Secret,60
ORD-10722,ALPHA-CNT-2025-723,Ministry of Defense - UAE,Middle East,UAE,Aerospace Systems,Flight Control Radar,Airborne,SN-ALPHA-863336,3/10/2025,22/3/2026,6/5/2026,Delivered Delayed,1100735,21,23115435,18347323.34,4768111.66,90.5,Level 2 Restricted,48
ORD-10723,ALPHA-CNT-2023-304,Ministry of Defense - Germany,Europe,Germany,Land Defense,Armored Tactical Vehicle,Digital Command,SN-ALPHA-793889,24/3/2023,16/7/2023,7/7/2023,Delivered On Time,623228,28,17450384,11391232.95,6059151.05,94.73,Level 2 Restricted,48
ORD-10724,ALPHA-CNT-2024-896,Ministry of Defense - Brazil,LATAM,Brazil,Tactical Avionics,Night Vision Targeting System,Airborne,SN-ALPHA-961198,8/10/2025,5/2/2026,31/1/2026,Delivered On Time,520192,35,18206720,12037886.25,6168833.75,95.33,Level 2 Restricted,24
ORD-10725,ALPHA-CNT-2025-369,Ministry of Defense - Saudi Arabia,Middle East,Saudi Arabia,Tactical Avionics,Tactical Data Link,Ground Tactical,SN-ALPHA-397223,25/11/2024,20/4/2025,,Under Testing,490420,22,10789240,7489202.57,3300037.43,88.47,Level 3 Top Secret,36
ORD-10726,ALPHA-CNT-2023-951,Ministry of Defense - USA,North America,USA,Aerospace Systems,Recon Surveillance Drone,Airborne,SN-ALPHA-189913,2/3/2024,9/6/2024,30/5/2024,Delivered On Time,712132,40,28485280,22669588.28,5815691.72,92.8,Level 1 Standard,24
ORD-10727,ALPHA-CNT-2024-635,Ministry of Defense - India,Asia Pacific,India,Land Defense,Armored Tactical Vehicle,Maritime,SN-ALPHA-327114,6/9/2023,23/12/2023,17/1/2024,Delivered Delayed,815328,23,18752544,11446558.84,7305985.16,95.72,Level 1 Standard,48
ORD-10728,ALPHA-CNT-2025-306,Ministry of Defense - France,Europe,France,Naval Technology,Sonar Detection Array,Maritime,SN-ALPHA-571023,14/3/2023,16/6/2023,,Under Testing,779115,3,2337345,1683637.58,653707.42,96.31,Level 1 Standard,36
ORD-10729,ALPHA-CNT-2023-466,Ministry of Defense - Canada,North America,Canada,Aerospace Systems,Flight Control Radar,Ground Tactical,SN-ALPHA-735988,31/7/2024,28/10/2024,26/10/2024,Delivered On Time,204536,40,8181440,5964238.45,2217201.55,95.59,Level 1 Standard,36
ORD-10730,ALPHA-CNT-2024-820,Ministry of Defense - France,Europe,France,Aerospace Systems,Flight Control Radar,Maritime,SN-ALPHA-594312,9/7/2025,7/9/2025,31/8/2025,Delivered On Time,625425,10,6254250,4389427.18,1864822.82,91.81,Level 1 Standard,60
ORD-10731,ALPHA-CNT-2025-519,Ministry of Defense - Brazil,LATAM,Brazil,Tactical Avionics,Cockpit Head Up Display,Digital Command,SN-ALPHA-605065,2/4/2025,20/6/2025,19/6/2025,Delivered On Time,473448,25,11836200,6772017.74,5064182.26,89.11,Level 3 Top Secret,60
ORD-10732,ALPHA-CNT-2023-402,Ministry of Defense - India,Asia Pacific,India,Aerospace Systems,Recon Surveillance Drone,Airborne,SN-ALPHA-278852,28/3/2023,16/7/2023,,In Production,897929,49,43998521,31644531.31,12353989.69,93.08,Level 3 Top Secret,12
ORD-10733,ALPHA-CNT-2024-264,Ministry of Defense - Japan,Asia Pacific,Japan,Aerospace Systems,Flight Control Radar,Ground Tactical,SN-ALPHA-330019,19/1/2023,20/3/2023,,In Production,551233,8,4409864,2496087.44,1913776.56,89.53,Level 3 Top Secret,60
ORD-10734,ALPHA-CNT-2025-140,Ministry of Defense - Chile,LATAM,Chile,Aerospace Systems,Flight Control Radar,Digital Command,SN-ALPHA-970699,20/10/2023,4/4/2024,9/5/2024,Delivered Delayed,674773,11,7422503,5188594.3,2233908.7,99.28,Level 3 Top Secret,36
ORD-10735,ALPHA-CNT-2023-661,Ministry of Defense - Australia,Asia Pacific,Australia,Tactical Avionics,Cockpit Head Up Display,Airborne,SN-ALPHA-530720,13/6/2025,29/8/2025,22/8/2025,Delivered On Time,1339546,5,6697730,4922130.26,1775599.74,93.65,Level 3 Top Secret,60
ORD-10736,ALPHA-CNT-2024-608,Ministry of Defense - Saudi Arabia,Middle East,Saudi Arabia,Naval Technology,Submarine Communications Module,Digital Command,SN-ALPHA-730025,27/2/2023,17/5/2023,1/7/2023,Delivered Delayed,1052021,45,47340945,28534398.25,18806546.75,91.78,Level 3 Top Secret,12
ORD-10737,ALPHA-CNT-2025-312,Ministry of Defense - France,Europe,France,Naval Technology,Submarine Communications Module,Ground Tactical,SN-ALPHA-249644,8/4/2025,2/7/2025,,In Production,50901,37,1883337,1432099.82,451237.18,97.12,Level 3 Top Secret,48
ORD-10738,ALPHA-CNT-2023-804,Ministry of Defense - USA,North America,USA,Aerospace Systems,Flight Control Radar,Ground Tactical,SN-ALPHA-933215,24/11/2023,25/4/2024,19/5/2024,Delivered Delayed,137980,45,6209100,3462122.45,2746977.55,93.93,Level 1 Standard,60
ORD-10739,ALPHA-CNT-2024-592,Ministry of Defense - Chile,LATAM,Chile,Tactical Avionics,Night Vision Targeting System,Digital Command,SN-ALPHA-710948,20/2/2023,31/5/2023,,Under Testing,1468314,38,55795932,42458093.89,13337838.11,91.69,Level 2 Restricted,36
ORD-10740,ALPHA-CNT-2025-438,Ministry of Defense - Saudi Arabia,Middle East,Saudi Arabia,Naval Technology,Naval Target Radar,Airborne,SN-ALPHA-960307,4/10/2023,1/4/2024,,In Production,839313,29,24340077,16188153.48,8151923.52,97.66,Level 3 Top Secret,48
ORD-10741,ALPHA-CNT-2023-340,Ministry of Defense - Canada,North America,Canada,Naval Technology,Naval Target Radar,Maritime,SN-ALPHA-904771,1/3/2024,12/8/2024,6/10/2024,Delivered Delayed,342007,5,1710035,1033540,676495,98.32,Level 2 Restricted,36
ORD-10742,ALPHA-CNT-2024-102,Ministry of Defense - USA,North America,USA,Naval Technology,Naval Target Radar,Maritime,SN-ALPHA-290719,16/3/2024,26/6/2024,18/7/2024,Delivered Delayed,816722,9,7350498,4288607.9,3061890.1,96.01,Level 3 Top Secret,48
ORD-10743,ALPHA-CNT-2025-113,Ministry of Defense - Brazil,LATAM,Brazil,Tactical Avionics,Cockpit Head Up Display,Digital Command,SN-ALPHA-753484,10/11/2024,4/1/2025,26/12/2024,Delivered On Time,448838,48,21544224,16983888.99,4560335.01,88.56,Level 3 Top Secret,36
ORD-10744,ALPHA-CNT-2023-787,Ministry of Defense - UAE,Middle East,UAE,Tactical Avionics,Night Vision Targeting System,Ground Tactical,SN-ALPHA-791691,1/10/2024,19/12/2024,19/12/2024,Delivered On Time,565956,2,1131912,643114.36,488797.64,94.74,Level 1 Standard,60
ORD-10745,ALPHA-CNT-2024-191,Ministry of Defense - USA,North America,USA,Aerospace Systems,Jet Engine Turbine Component,Airborne,SN-ALPHA-635617,8/11/2025,21/2/2026,20/3/2026,Delivered Delayed,537063,1,537063,322116.08,214946.92,97.08,Level 2 Restricted,60
ORD-10746,ALPHA-CNT-2025-213,Ministry of Defense - Canada,North America,Canada,Cyber Security,Threat Intelligence Node,Airborne,SN-ALPHA-377370,29/7/2023,25/10/2023,17/10/2023,Delivered On Time,776546,40,31061840,19785012.53,11276827.47,89.62,Level 1 Standard,12
ORD-10747,ALPHA-CNT-2023-955,Ministry of Defense - UAE,Middle East,UAE,Naval Technology,Naval Target Radar,Ground Tactical,SN-ALPHA-275868,20/1/2023,22/5/2023,,In Production,881633,30,26448990,18648090.83,7800899.17,90.72,Level 1 Standard,48
ORD-10748,ALPHA-CNT-2024-687,Ministry of Defense - Australia,Asia Pacific,Australia,Cyber Security,Encrypted Comms Server,Maritime,SN-ALPHA-859364,3/6/2023,17/8/2023,,Under Testing,301839,11,3320229,2278342.04,1041886.96,98.5,Level 2 Restricted,12
ORD-10749,ALPHA-CNT-2025-785,Ministry of Defense - Canada,North America,Canada,Tactical Avionics,Cockpit Head Up Display,Airborne,SN-ALPHA-818894,10/12/2023,26/3/2024,4/4/2024,Delivered Delayed,1075264,28,30107392,17504765.07,12602626.93,88.24,Level 1 Standard,24
ORD-10750,ALPHA-CNT-2023-605,Ministry of Defense - UK,Europe,UK,Tactical Avionics,Tactical Data Link,Digital Command,SN-ALPHA-459316,1/8/2025,3/9/2025,30/8/2025,Delivered On Time,1419971,44,62478724,38888756.88,23589967.12,96.96,Level 3 Top Secret,60
ORD-10751,ALPHA-CNT-2024-252,Ministry of Defense - Saudi Arabia,Middle East,Saudi Arabia,Tactical Avionics,Cockpit Head Up Display,Maritime,SN-ALPHA-575497,2/1/2024,16/6/2024,9/6/2024,Delivered On Time,646860,12,7762320,4732592.91,3029727.09,93.64,Level 3 Top Secret,48
ORD-10752,ALPHA-CNT-2025-192,Ministry of Defense - USA,North America,USA,Cyber Security,Threat Intelligence Node,Digital Command,SN-ALPHA-725510,28/12/2023,28/2/2024,21/2/2024,Delivered On Time,886642,39,34579038,20864497.52,13714540.48,93.32,Level 3 Top Secret,12
ORD-10753,ALPHA-CNT-2023-898,Ministry of Defense - Chile,LATAM,Chile,Tactical Avionics,Night Vision Targeting System,Maritime,SN-ALPHA-719284,19/12/2023,28/3/2024,4/4/2024,Delivered Delayed,437773,26,11382098,7430075.18,3952022.82,88.08,Level 3 Top Secret,12
ORD-10754,ALPHA-CNT-2024-623,Ministry of Defense - France,Europe,France,Aerospace Systems,Recon Surveillance Drone,Ground Tactical,SN-ALPHA-172187,21/10/2023,1/12/2023,9/12/2023,Delivered Delayed,72499,13,942487,684252.97,258234.03,97.75,Level 3 Top Secret,24
ORD-10755,ALPHA-CNT-2025-176,Ministry of Defense - USA,North America,USA,Tactical Avionics,Night Vision Targeting System,Digital Command,SN-ALPHA-340977,22/5/2023,4/7/2023,,Under Testing,676840,8,5414720,3272457.69,2142262.31,92.28,Level 1 Standard,12
ORD-10756,ALPHA-CNT-2023-840,Ministry of Defense - Germany,Europe,Germany,Land Defense,Ballistic Shielding Suite,Digital Command,SN-ALPHA-496583,10/10/2024,30/3/2025,25/3/2025,Delivered On Time,494844,28,13855632,8890739.5,4964892.5,94.44,Level 1 Standard,36
ORD-10757,ALPHA-CNT-2024-840,Ministry of Defense - Germany,Europe,Germany,Cyber Security,Quantum Cipher Hardware,Ground Tactical,SN-ALPHA-504186,22/5/2025,3/9/2025,,In Production,1496395,30,44891850,29077769.12,15814080.88,96.06,Level 3 Top Secret,60
ORD-10758,ALPHA-CNT-2025-203,Ministry of Defense - India,Asia Pacific,India,Land Defense,Ballistic Shielding Suite,Digital Command,SN-ALPHA-238635,26/7/2023,26/9/2023,,In Production,536525,9,4828725,3834558.76,994166.24,96.36,Level 3 Top Secret,12
ORD-10759,ALPHA-CNT-2023-362,Ministry of Defense - Poland,Europe,Poland,Tactical Avionics,Night Vision Targeting System,Maritime,SN-ALPHA-213844,13/3/2023,15/8/2023,11/8/2023,Delivered On Time,921905,39,35954295,28355951.21,7598343.79,99.38,Level 1 Standard,12
ORD-10760,ALPHA-CNT-2024-759,Ministry of Defense - Japan,Asia Pacific,Japan,Aerospace Systems,Jet Engine Turbine Component,Airborne,SN-ALPHA-117367,2/4/2025,28/5/2025,,In Production,193704,31,6004824,4503824.54,1500999.46,94.32,Level 2 Restricted,24
ORD-10761,ALPHA-CNT-2025-336,Ministry of Defense - UAE,Middle East,UAE,Naval Technology,Sonar Detection Array,Airborne,SN-ALPHA-312177,9/9/2024,12/10/2024,11/10/2024,Delivered On Time,735967,21,15455307,9434147.05,6021159.95,92.76,Level 1 Standard,36
ORD-10762,ALPHA-CNT-2023-567,Ministry of Defense - South Korea,Asia Pacific,South Korea,Tactical Avionics,Tactical Data Link,Ground Tactical,SN-ALPHA-648102,7/9/2025,2/3/2026,20/2/2026,Delivered On Time,1190449,47,55951103,31724797.34,24226305.66,99.35,Level 1 Standard,12
ORD-10763,ALPHA-CNT-2024-403,Ministry of Defense - Brazil,LATAM,Brazil,Aerospace Systems,Flight Control Radar,Maritime,SN-ALPHA-628859,6/5/2024,16/8/2024,15/10/2024,Delivered Delayed,115756,34,3935704,2476447.42,1459256.58,95.64,Level 1 Standard,60
ORD-10764,ALPHA-CNT-2025-370,Ministry of Defense - USA,North America,USA,Cyber Security,Threat Intelligence Node,Digital Command,SN-ALPHA-817611,10/6/2023,7/11/2023,6/11/2023,Delivered On Time,490210,31,15196510,9371667.01,5824842.99,91.55,Level 1 Standard,60
ORD-10765,ALPHA-CNT-2023-575,Ministry of Defense - UAE,Middle East,UAE,Land Defense,Ballistic Shielding Suite,Digital Command,SN-ALPHA-540186,7/2/2025,9/7/2025,22/8/2025,Delivered Delayed,1293030,25,32325750,21867770.23,10457979.77,89.5,Level 1 Standard,12
ORD-10766,ALPHA-CNT-2024-151,Ministry of Defense - Qatar,Middle East,Qatar,Land Defense,Armored Tactical Vehicle,Airborne,SN-ALPHA-966662,14/12/2023,4/5/2024,16/6/2024,Delivered Delayed,1417064,12,17004768,12658893.07,4345874.93,98.03,Level 2 Restricted,36
ORD-10767,ALPHA-CNT-2025-202,Ministry of Defense - Chile,LATAM,Chile,Land Defense,Armored Tactical Vehicle,Digital Command,SN-ALPHA-256826,16/2/2025,13/6/2025,20/7/2025,Delivered Delayed,1499141,1,1499141,1146214.33,352926.67,92.31,Level 3 Top Secret,60
ORD-10768,ALPHA-CNT-2023-932,Ministry of Defense - South Korea,Asia Pacific,South Korea,Cyber Security,Encrypted Comms Server,Airborne,SN-ALPHA-734924,17/12/2024,4/3/2025,26/2/2025,Delivered On Time,1220473,22,26850406,20438959.23,6411446.77,95.86,Level 3 Top Secret,60
ORD-10769,ALPHA-CNT-2024-278,Ministry of Defense - Canada,North America,Canada,Aerospace Systems,Flight Control Radar,Ground Tactical,SN-ALPHA-200976,17/7/2025,29/8/2025,22/8/2025,Delivered On Time,570082,40,22803280,14592249.63,8211030.37,93.6,Level 2 Restricted,36
ORD-10770,ALPHA-CNT-2025-995,Ministry of Defense - Japan,Asia Pacific,Japan,Cyber Security,Encrypted Comms Server,Digital Command,SN-ALPHA-286040,11/9/2025,14/12/2025,25/1/2026,Delivered Delayed,349488,37,12931056,9333747.25,3597308.75,90.37,Level 3 Top Secret,36
ORD-10771,ALPHA-CNT-2023-140,Ministry of Defense - UK,Europe,UK,Land Defense,Artillery Tracking Unit,Maritime,SN-ALPHA-598985,31/1/2025,2/7/2025,24/6/2025,Delivered On Time,1093361,47,51387967,32282360.2,19105606.8,95.16,Level 3 Top Secret,12
ORD-10772,ALPHA-CNT-2024-972,Ministry of Defense - Australia,Asia Pacific,Australia,Tactical Avionics,Tactical Data Link,Digital Command,SN-ALPHA-744610,6/10/2025,4/12/2025,4/12/2025,Delivered On Time,133791,1,133791,75622.2,58168.8,88.72,Level 3 Top Secret,48
ORD-10773,ALPHA-CNT-2025-397,Ministry of Defense - Qatar,Middle East,Qatar,Naval Technology,Naval Target Radar,Airborne,SN-ALPHA-728950,6/1/2024,21/2/2024,14/2/2024,Delivered On Time,753335,1,753335,546462.67,206872.33,92.92,Level 2 Restricted,24
ORD-10774,ALPHA-CNT-2023-468,Ministry of Defense - Canada,North America,Canada,Cyber Security,Threat Intelligence Node,Ground Tactical,SN-ALPHA-140932,27/7/2025,6/12/2025,31/1/2026,Delivered Delayed,1231110,42,51706620,28565678.38,23140941.62,94.5,Level 2 Restricted,48
ORD-10775,ALPHA-CNT-2024-920,Ministry of Defense - Japan,Asia Pacific,Japan,Cyber Security,Threat Intelligence Node,Airborne,SN-ALPHA-921945,29/9/2025,3/3/2026,22/2/2026,Delivered On Time,1180017,42,49560714,32328238,17232476,93.19,Level 3 Top Secret,48
ORD-10776,ALPHA-CNT-2025-793,Ministry of Defense - USA,North America,USA,Aerospace Systems,Jet Engine Turbine Component,Digital Command,SN-ALPHA-657244,24/2/2024,12/4/2024,28/5/2024,Delivered Delayed,1336188,21,28059948,17743562.69,10316385.31,96.91,Level 3 Top Secret,60
ORD-10777,ALPHA-CNT-2023-420,Ministry of Defense - Canada,North America,Canada,Aerospace Systems,Jet Engine Turbine Component,Airborne,SN-ALPHA-627778,13/7/2023,6/1/2024,23/1/2024,Delivered Delayed,483797,15,7256955,5249277.65,2007677.35,97.85,Level 3 Top Secret,36
ORD-10778,ALPHA-CNT-2024-536,Ministry of Defense - Germany,Europe,Germany,Cyber Security,Threat Intelligence Node,Airborne,SN-ALPHA-888930,23/10/2025,5/12/2025,30/11/2025,Delivered On Time,1330020,17,22610340,16766954.67,5843385.33,97.18,Level 1 Standard,60
ORD-10779,ALPHA-CNT-2025-856,Ministry of Defense - Germany,Europe,Germany,Land Defense,Ballistic Shielding Suite,Ground Tactical,SN-ALPHA-223224,24/3/2023,31/5/2023,22/5/2023,Delivered On Time,1038793,22,22853446,14306797.89,8546648.11,88.46,Level 1 Standard,24
ORD-10780,ALPHA-CNT-2023-218,Ministry of Defense - Saudi Arabia,Middle East,Saudi Arabia,Naval Technology,Naval Target Radar,Maritime,SN-ALPHA-197716,9/6/2024,16/8/2024,,Under Testing,850607,38,32323066,24336254.69,7986811.31,90.31,Level 1 Standard,12
ORD-10781,ALPHA-CNT-2024-197,Ministry of Defense - Chile,LATAM,Chile,Aerospace Systems,Recon Surveillance Drone,Digital Command,SN-ALPHA-605666,24/3/2024,14/9/2024,,In Production,187263,35,6554205,4086410.43,2467794.57,94.39,Level 2 Restricted,24
ORD-10782,ALPHA-CNT-2025-971,Ministry of Defense - Canada,North America,Canada,Land Defense,Armored Tactical Vehicle,Ground Tactical,SN-ALPHA-791423,15/7/2024,30/10/2024,,In Production,395578,45,17801010,11776820.5,6024189.5,99.12,Level 3 Top Secret,60
ORD-10783,ALPHA-CNT-2023-876,Ministry of Defense - Chile,LATAM,Chile,Tactical Avionics,Tactical Data Link,Maritime,SN-ALPHA-236659,11/12/2024,31/1/2025,,In Production,952153,16,15234448,11147877.89,4086570.11,97.94,Level 2 Restricted,60
ORD-10784,ALPHA-CNT-2024-146,Ministry of Defense - Qatar,Middle East,Qatar,Aerospace Systems,Jet Engine Turbine Component,Airborne,SN-ALPHA-732789,13/9/2023,15/12/2023,8/12/2023,Delivered On Time,97645,8,781160,564958.39,216201.61,98.03,Level 2 Restricted,60
ORD-10785,ALPHA-CNT-2025-109,Ministry of Defense - Canada,North America,Canada,Land Defense,Armored Tactical Vehicle,Maritime,SN-ALPHA-665482,19/6/2023,18/8/2023,10/8/2023,Delivered On Time,289608,47,13611576,10846277.05,2765298.95,91.61,Level 2 Restricted,60
ORD-10786,ALPHA-CNT-2023-972,Ministry of Defense - Canada,North America,Canada,Land Defense,Ballistic Shielding Suite,Airborne,SN-ALPHA-967719,14/12/2024,4/6/2025,2/6/2025,Delivered On Time,597571,17,10158707,6159125.07,3999581.93,93.11,Level 3 Top Secret,48
ORD-10787,ALPHA-CNT-2024-241,Ministry of Defense - Chile,LATAM,Chile,Naval Technology,Submarine Communications Module,Airborne,SN-ALPHA-101258,4/4/2025,18/8/2025,18/8/2025,Delivered On Time,399115,17,6784955,4855174.56,1929780.44,93.6,Level 1 Standard,12
ORD-10788,ALPHA-CNT-2025-779,Ministry of Defense - South Korea,Asia Pacific,South Korea,Naval Technology,Naval Target Radar,Ground Tactical,SN-ALPHA-912510,19/7/2024,14/10/2024,7/10/2024,Delivered On Time,152780,26,3972280,2790210.81,1182069.19,89.87,Level 3 Top Secret,48
ORD-10789,ALPHA-CNT-2023-762,Ministry of Defense - Germany,Europe,Germany,Tactical Avionics,Tactical Data Link,Airborne,SN-ALPHA-811521,24/12/2024,5/6/2025,4/6/2025,Delivered On Time,867166,13,11273158,8779249.27,2493908.73,88.37,Level 3 Top Secret,60
ORD-10790,ALPHA-CNT-2024-274,Ministry of Defense - Japan,Asia Pacific,Japan,Land Defense,Artillery Tracking Unit,Ground Tactical,SN-ALPHA-780768,5/8/2024,10/12/2024,5/12/2024,Delivered On Time,1099091,17,18684547,11006889.8,7677657.2,99.27,Level 2 Restricted,36
ORD-10791,ALPHA-CNT-2025-436,Ministry of Defense - Brazil,LATAM,Brazil,Land Defense,Armored Tactical Vehicle,Maritime,SN-ALPHA-552457,6/12/2023,29/4/2024,18/6/2024,Delivered Delayed,903159,38,34320042,25326459.24,8993582.76,90.86,Level 2 Restricted,48
ORD-10792,ALPHA-CNT-2023-466,Ministry of Defense - Germany,Europe,Germany,Naval Technology,Naval Target Radar,Maritime,SN-ALPHA-647403,13/12/2024,5/5/2025,15/5/2025,Delivered Delayed,945596,17,16075132,11125070.85,4950061.15,90.86,Level 2 Restricted,60
ORD-10793,ALPHA-CNT-2024-548,Ministry of Defense - Japan,Asia Pacific,Japan,Aerospace Systems,Recon Surveillance Drone,Airborne,SN-ALPHA-541119,1/8/2024,15/11/2024,7/11/2024,Delivered On Time,1406936,48,67532928,41780358,25752570,88.99,Level 1 Standard,60
ORD-10794,ALPHA-CNT-2025-736,Ministry of Defense - Germany,Europe,Germany,Aerospace Systems,Recon Surveillance Drone,Ground Tactical,SN-ALPHA-488368,7/5/2025,3/11/2025,,In Production,383977,14,5375678,3594225.23,1781452.77,99.05,Level 1 Standard,12
ORD-10795,ALPHA-CNT-2023-374,Ministry of Defense - USA,North America,USA,Cyber Security,Quantum Cipher Hardware,Airborne,SN-ALPHA-145548,16/1/2024,3/6/2024,24/5/2024,Delivered On Time,633043,45,28486935,18044882.31,10442052.69,94.9,Level 1 Standard,24
ORD-10796,ALPHA-CNT-2024-999,Ministry of Defense - Australia,Asia Pacific,Australia,Naval Technology,Naval Target Radar,Ground Tactical,SN-ALPHA-831531,12/8/2023,28/11/2023,,In Production,558175,6,3349050,2327014.89,1022035.11,95.94,Level 3 Top Secret,48
ORD-10797,ALPHA-CNT-2025-850,Ministry of Defense - Poland,Europe,Poland,Cyber Security,Encrypted Comms Server,Ground Tactical,SN-ALPHA-655552,16/3/2025,7/9/2025,5/9/2025,Delivered On Time,1172446,35,41035610,31689756.09,9345853.91,98.85,Level 2 Restricted,48
ORD-10798,ALPHA-CNT-2023-195,Ministry of Defense - Poland,Europe,Poland,Naval Technology,Naval Target Radar,Ground Tactical,SN-ALPHA-549793,26/11/2024,10/1/2025,,Under Testing,1235656,46,56840176,39351945.68,17488230.32,92.11,Level 3 Top Secret,48
ORD-10799,ALPHA-CNT-2024-481,Ministry of Defense - France,Europe,France,Tactical Avionics,Tactical Data Link,Maritime,SN-ALPHA-340633,28/10/2024,22/12/2024,29/12/2024,Delivered Delayed,146502,14,2051028,1451985.49,599042.51,95.4,Level 1 Standard,60
ORD-10800,ALPHA-CNT-2025-934,Ministry of Defense - India,Asia Pacific,India,Land Defense,Armored Tactical Vehicle,Ground Tactical,SN-ALPHA-941272,30/4/2023,22/7/2023,19/7/2023,Delivered On Time,640611,47,30108717,20464502.38,9644214.62,88.46,Level 2 Restricted,12
ORD-10801,ALPHA-CNT-2023-450,Ministry of Defense - UAE,Middle East,UAE,Tactical Avionics,Cockpit Head Up Display,Maritime,SN-ALPHA-605543,29/7/2023,21/10/2023,14/10/2023,Delivered On Time,482206,8,3857648,2171051.03,1686596.97,90.22,Level 1 Standard,60
ORD-10802,ALPHA-CNT-2024-287,Ministry of Defense - South Korea,Asia Pacific,South Korea,Naval Technology,Submarine Communications Module,Ground Tactical,SN-ALPHA-927909,6/12/2025,13/3/2026,6/3/2026,Delivered On Time,787902,15,11818530,7188202.96,4630327.04,97.89,Level 2 Restricted,60
ORD-10803,ALPHA-CNT-2025-216,Ministry of Defense - Brazil,LATAM,Brazil,Land Defense,Ballistic Shielding Suite,Maritime,SN-ALPHA-906010,10/4/2025,30/5/2025,22/5/2025,Delivered On Time,741804,27,20028708,13479329.14,6549378.86,97.12,Level 2 Restricted,36
ORD-10804,ALPHA-CNT-2023-510,Ministry of Defense - India,Asia Pacific,India,Aerospace Systems,Flight Control Radar,Digital Command,SN-ALPHA-499755,14/7/2025,22/9/2025,14/9/2025,Delivered On Time,478556,13,6221228,3904186.51,2317041.49,92.17,Level 3 Top Secret,12
ORD-10805,ALPHA-CNT-2024-509,Ministry of Defense - France,Europe,France,Aerospace Systems,Recon Surveillance Drone,Maritime,SN-ALPHA-467544,19/5/2024,18/8/2024,1/10/2024,Delivered Delayed,385468,49,18887932,11246647.22,7641284.78,92.48,Level 3 Top Secret,48
ORD-10806,ALPHA-CNT-2025-567,Ministry of Defense - Canada,North America,Canada,Cyber Security,Quantum Cipher Hardware,Maritime,SN-ALPHA-717661,20/8/2024,2/11/2024,31/10/2024,Delivered On Time,530350,31,16440850,11114560.61,5326289.39,94.35,Level 1 Standard,24
ORD-10807,ALPHA-CNT-2023-378,Ministry of Defense - South Korea,Asia Pacific,South Korea,Naval Technology,Sonar Detection Array,Airborne,SN-ALPHA-943706,26/1/2025,16/7/2025,13/8/2025,Delivered Delayed,546232,35,19118120,12057845.09,7060274.91,88,Level 3 Top Secret,48
ORD-10808,ALPHA-CNT-2024-955,Ministry of Defense - Japan,Asia Pacific,Japan,Naval Technology,Naval Target Radar,Ground Tactical,SN-ALPHA-877407,22/12/2025,9/2/2026,,Under Testing,1360786,6,8164716,5017437.7,3147278.3,90.87,Level 3 Top Secret,60
ORD-10809,ALPHA-CNT-2025-494,Ministry of Defense - UK,Europe,UK,Aerospace Systems,Jet Engine Turbine Component,Digital Command,SN-ALPHA-898531,7/10/2025,16/12/2025,11/12/2025,Delivered On Time,581821,5,2909105,1937453.32,971651.68,90.48,Level 3 Top Secret,12
ORD-10810,ALPHA-CNT-2023-806,Ministry of Defense - USA,North America,USA,Tactical Avionics,Night Vision Targeting System,Airborne,SN-ALPHA-977857,29/7/2025,28/8/2025,20/9/2025,Delivered Delayed,1476548,22,32484056,18948634.13,13535421.87,90.98,Level 2 Restricted,12
ORD-10811,ALPHA-CNT-2024-971,Ministry of Defense - Canada,North America,Canada,Land Defense,Armored Tactical Vehicle,Ground Tactical,SN-ALPHA-830550,14/2/2024,27/6/2024,21/6/2024,Delivered On Time,925817,49,45365033,35472572.1,9892460.9,97.59,Level 3 Top Secret,12
ORD-10812,ALPHA-CNT-2025-589,Ministry of Defense - Brazil,LATAM,Brazil,Tactical Avionics,Tactical Data Link,Digital Command,SN-ALPHA-704106,5/7/2023,27/11/2023,28/12/2023,Delivered Delayed,1016540,23,23380420,17931040.87,5449379.13,91.33,Level 1 Standard,36
ORD-10813,ALPHA-CNT-2023-919,Ministry of Defense - Australia,Asia Pacific,Australia,Tactical Avionics,Night Vision Targeting System,Digital Command,SN-ALPHA-202463,11/12/2025,10/5/2026,5/5/2026,Delivered On Time,300231,25,7505775,5455986.48,2049788.52,90.28,Level 2 Restricted,48
ORD-10814,ALPHA-CNT-2024-531,Ministry of Defense - Canada,North America,Canada,Aerospace Systems,Recon Surveillance Drone,Digital Command,SN-ALPHA-546157,27/12/2024,10/4/2025,,Under Testing,1111516,34,37791544,21788845.33,16002698.67,94,Level 2 Restricted,36
ORD-10815,ALPHA-CNT-2025-764,Ministry of Defense - USA,North America,USA,Aerospace Systems,Flight Control Radar,Ground Tactical,SN-ALPHA-240386,14/7/2024,21/8/2024,,In Production,430171,26,11184446,8320884.61,2863561.39,98.3,Level 3 Top Secret,24
ORD-10816,ALPHA-CNT-2023-916,Ministry of Defense - UAE,Middle East,UAE,Aerospace Systems,Recon Surveillance Drone,Digital Command,SN-ALPHA-366881,2/7/2023,29/9/2023,19/9/2023,Delivered On Time,591220,47,27787340,20895783.25,6891556.75,90.87,Level 2 Restricted,60
ORD-10817,ALPHA-CNT-2024-270,Ministry of Defense - Qatar,Middle East,Qatar,Cyber Security,Quantum Cipher Hardware,Digital Command,SN-ALPHA-600318,18/3/2025,29/6/2025,20/6/2025,Delivered On Time,1324953,5,6624765,4915185.79,1709579.21,88.93,Level 1 Standard,36
ORD-10818,ALPHA-CNT-2025-215,Ministry of Defense - USA,North America,USA,Tactical Avionics,Night Vision Targeting System,Airborne,SN-ALPHA-903061,11/12/2025,23/3/2026,,In Production,500043,26,13001118,7521035.89,5480082.11,92.24,Level 1 Standard,36
ORD-10819,ALPHA-CNT-2023-235,Ministry of Defense - Chile,LATAM,Chile,Naval Technology,Submarine Communications Module,Maritime,SN-ALPHA-343807,22/2/2024,17/7/2024,25/7/2024,Delivered Delayed,1028935,20,20578700,14630982.17,5947717.83,96.9,Level 2 Restricted,60
ORD-10820,ALPHA-CNT-2024-812,Ministry of Defense - Canada,North America,Canada,Land Defense,Ballistic Shielding Suite,Ground Tactical,SN-ALPHA-187889,2/5/2025,19/6/2025,9/6/2025,Delivered On Time,1123224,6,6739344,5112339.65,1627004.35,94.55,Level 3 Top Secret,12
ORD-10821,ALPHA-CNT-2025-843,Ministry of Defense - UK,Europe,UK,Cyber Security,Encrypted Comms Server,Maritime,SN-ALPHA-397026,29/11/2025,26/2/2026,16/2/2026,Delivered On Time,1080451,6,6482706,4501191.39,1981514.61,97.72,Level 3 Top Secret,60
ORD-10822,ALPHA-CNT-2023-160,Ministry of Defense - South Korea,Asia Pacific,South Korea,Naval Technology,Naval Target Radar,Airborne,SN-ALPHA-727354,26/10/2024,31/1/2025,26/2/2025,Delivered Delayed,82966,18,1493388,1062697.65,430690.35,99.42,Level 2 Restricted,48
ORD-10823,ALPHA-CNT-2024-964,Ministry of Defense - Chile,LATAM,Chile,Tactical Avionics,Night Vision Targeting System,Maritime,SN-ALPHA-670143,26/10/2023,23/4/2024,22/4/2024,Delivered On Time,470993,4,1883972,1252070.59,631901.41,97.43,Level 1 Standard,60
ORD-10824,ALPHA-CNT-2025-263,Ministry of Defense - Germany,Europe,Germany,Aerospace Systems,Jet Engine Turbine Component,Digital Command,SN-ALPHA-528497,12/7/2023,30/9/2023,,In Production,1354309,17,23023253,15705929.75,7317323.25,95.19,Level 2 Restricted,12
ORD-10825,ALPHA-CNT-2023-206,Ministry of Defense - Brazil,LATAM,Brazil,Tactical Avionics,Night Vision Targeting System,Digital Command,SN-ALPHA-370328,1/6/2023,17/10/2023,12/10/2023,Delivered On Time,213639,14,2990946,1670725.13,1320220.87,93.87,Level 3 Top Secret,60
ORD-10826,ALPHA-CNT-2024-526,Ministry of Defense - Poland,Europe,Poland,Land Defense,Ballistic Shielding Suite,Ground Tactical,SN-ALPHA-298202,18/11/2024,16/1/2025,15/1/2025,Delivered On Time,296331,14,4148634,2944454.63,1204179.37,88.48,Level 3 Top Secret,36
ORD-10827,ALPHA-CNT-2025-704,Ministry of Defense - India,Asia Pacific,India,Cyber Security,Encrypted Comms Server,Ground Tactical,SN-ALPHA-105735,20/5/2024,5/11/2024,,In Production,984678,13,12800814,7301095.36,5499718.64,99.71,Level 2 Restricted,24
ORD-10828,ALPHA-CNT-2023-594,Ministry of Defense - Australia,Asia Pacific,Australia,Cyber Security,Threat Intelligence Node,Ground Tactical,SN-ALPHA-843596,28/2/2025,26/5/2025,18/5/2025,Delivered On Time,1141174,7,7988218,5262267.75,2725950.25,92.56,Level 1 Standard,36
ORD-10829,ALPHA-CNT-2024-921,Ministry of Defense - UAE,Middle East,UAE,Land Defense,Artillery Tracking Unit,Airborne,SN-ALPHA-879769,23/3/2024,30/5/2024,20/5/2024,Delivered On Time,240271,44,10571924,6588040.06,3983883.94,89.81,Level 2 Restricted,24
ORD-10830,ALPHA-CNT-2025-682,Ministry of Defense - Poland,Europe,Poland,Naval Technology,Sonar Detection Array,Ground Tactical,SN-ALPHA-927769,6/4/2023,13/7/2023,7/7/2023,Delivered On Time,457014,15,6855210,4705121.28,2150088.72,95.93,Level 1 Standard,60
ORD-10831,ALPHA-CNT-2023-794,Ministry of Defense - UAE,Middle East,UAE,Naval Technology,Naval Target Radar,Airborne,SN-ALPHA-107459,26/9/2023,1/12/2023,27/11/2023,Delivered On Time,1032868,19,19624492,11448027.55,8176464.45,91.38,Level 1 Standard,48
ORD-10832,ALPHA-CNT-2024-548,Ministry of Defense - Germany,Europe,Germany,Cyber Security,Encrypted Comms Server,Digital Command,SN-ALPHA-706063,19/12/2025,5/2/2026,26/2/2026,Delivered Delayed,897516,43,38593188,27899434.36,10693753.64,94.97,Level 2 Restricted,60
ORD-10833,ALPHA-CNT-2025-285,Ministry of Defense - UAE,Middle East,UAE,Cyber Security,Quantum Cipher Hardware,Maritime,SN-ALPHA-647923,17/9/2023,1/11/2023,22/10/2023,Delivered On Time,749597,47,35231059,26379357.04,8851701.96,94.98,Level 2 Restricted,12
ORD-10834,ALPHA-CNT-2023-725,Ministry of Defense - Japan,Asia Pacific,Japan,Aerospace Systems,Recon Surveillance Drone,Digital Command,SN-ALPHA-223552,27/1/2025,9/4/2025,22/5/2025,Delivered Delayed,705538,44,31043672,18341800.09,12701871.91,93.3,Level 1 Standard,60
ORD-10835,ALPHA-CNT-2024-488,Ministry of Defense - Brazil,LATAM,Brazil,Naval Technology,Sonar Detection Array,Digital Command,SN-ALPHA-645009,16/7/2024,1/11/2024,31/12/2024,Delivered Delayed,298004,35,10430140,6008577.03,4421562.97,97.95,Level 1 Standard,24
ORD-10836,ALPHA-CNT-2025-897,Ministry of Defense - UAE,Middle East,UAE,Land Defense,Artillery Tracking Unit,Digital Command,SN-ALPHA-107543,5/8/2023,27/1/2024,10/2/2024,Delivered Delayed,1053510,17,17909670,10501852.07,7407817.93,91.15,Level 1 Standard,36
ORD-10837,ALPHA-CNT-2023-467,Ministry of Defense - Germany,Europe,Germany,Naval Technology,Submarine Communications Module,Ground Tactical,SN-ALPHA-493247,9/3/2025,20/6/2025,15/6/2025,Delivered On Time,67118,35,2349130,1807143.17,541986.83,93.34,Level 1 Standard,48
ORD-10838,ALPHA-CNT-2024-726,Ministry of Defense - Germany,Europe,Germany,Aerospace Systems,Jet Engine Turbine Component,Ground Tactical,SN-ALPHA-786341,11/2/2024,2/7/2024,1/7/2024,Delivered On Time,1121192,19,21302648,14529413.88,6773234.12,94.4,Level 3 Top Secret,60
ORD-10839,ALPHA-CNT-2025-129,Ministry of Defense - India,Asia Pacific,India,Cyber Security,Encrypted Comms Server,Ground Tactical,SN-ALPHA-315397,27/8/2023,27/10/2023,,In Production,181870,20,3637400,2425473.79,1211926.21,95.9,Level 2 Restricted,60
ORD-10840,ALPHA-CNT-2023-983,Ministry of Defense - France,Europe,France,Cyber Security,Quantum Cipher Hardware,Maritime,SN-ALPHA-821175,11/9/2023,7/2/2024,20/3/2024,Delivered Delayed,1368321,36,49259556,28406900.01,20852655.99,97.33,Level 1 Standard,36
ORD-10841,ALPHA-CNT-2024-800,Ministry of Defense - USA,North America,USA,Aerospace Systems,Recon Surveillance Drone,Ground Tactical,SN-ALPHA-943356,23/4/2024,8/8/2024,24/9/2024,Delivered Delayed,52795,35,1847825,1316370.21,531454.79,92.7,Level 2 Restricted,48
ORD-10842,ALPHA-CNT-2025-958,Ministry of Defense - Chile,LATAM,Chile,Land Defense,Armored Tactical Vehicle,Airborne,SN-ALPHA-431246,6/4/2024,17/8/2024,15/8/2024,Delivered On Time,1196038,32,38273216,29355552.77,8917663.23,95.69,Level 1 Standard,60
ORD-10843,ALPHA-CNT-2023-844,Ministry of Defense - UAE,Middle East,UAE,Cyber Security,Threat Intelligence Node,Digital Command,SN-ALPHA-528705,22/9/2024,30/12/2024,25/12/2024,Delivered On Time,1463612,48,70253376,53185070.12,17068305.88,89.79,Level 2 Restricted,60
ORD-10844,ALPHA-CNT-2024-233,Ministry of Defense - Brazil,LATAM,Brazil,Tactical Avionics,Cockpit Head Up Display,Maritime,SN-ALPHA-479867,8/3/2023,13/8/2023,6/9/2023,Delivered Delayed,1433553,44,63076332,44564291.27,18512040.73,99.1,Level 2 Restricted,24
ORD-10845,ALPHA-CNT-2025-594,Ministry of Defense - Japan,Asia Pacific,Japan,Cyber Security,Threat Intelligence Node,Maritime,SN-ALPHA-211760,12/7/2023,27/12/2023,,In Production,1363804,40,54552160,31030342.15,23521817.85,92.56,Level 1 Standard,24
ORD-10846,ALPHA-CNT-2023-599,Ministry of Defense - UAE,Middle East,UAE,Tactical Avionics,Night Vision Targeting System,Maritime,SN-ALPHA-262297,29/10/2025,3/4/2026,19/5/2026,Delivered Delayed,837163,24,20091912,11615119.39,8476792.61,96.68,Level 1 Standard,12
ORD-10847,ALPHA-CNT-2024-215,Ministry of Defense - Qatar,Middle East,Qatar,Aerospace Systems,Recon Surveillance Drone,Maritime,SN-ALPHA-546768,28/1/2023,19/6/2023,,In Production,1230777,17,20923209,11765690.51,9157518.49,88.24,Level 2 Restricted,36
ORD-10848,ALPHA-CNT-2025-521,Ministry of Defense - Canada,North America,Canada,Aerospace Systems,Recon Surveillance Drone,Maritime,SN-ALPHA-783226,18/5/2025,7/7/2025,25/8/2025,Delivered Delayed,209094,7,1463658,899227.28,564430.72,90.44,Level 2 Restricted,48
ORD-10849,ALPHA-CNT-2023-551,Ministry of Defense - Australia,Asia Pacific,Australia,Cyber Security,Quantum Cipher Hardware,Airborne,SN-ALPHA-713805,7/6/2023,17/7/2023,7/7/2023,Delivered On Time,313749,43,13491207,7877723.08,5613483.92,93.8,Level 2 Restricted,60
ORD-10850,ALPHA-CNT-2024-147,Ministry of Defense - UK,Europe,UK,Naval Technology,Naval Target Radar,Digital Command,SN-ALPHA-365953,31/8/2024,18/1/2025,12/1/2025,Delivered On Time,1176082,1,1176082,723304.55,452777.45,98.45,Level 3 Top Secret,60
ORD-10851,ALPHA-CNT-2025-164,Ministry of Defense - Canada,North America,Canada,Tactical Avionics,Tactical Data Link,Maritime,SN-ALPHA-373995,25/7/2025,14/11/2025,12/11/2025,Delivered On Time,814601,35,28511035,18425670.18,10085364.82,94.27,Level 1 Standard,12
ORD-10852,ALPHA-CNT-2023-367,Ministry of Defense - USA,North America,USA,Land Defense,Artillery Tracking Unit,Digital Command,SN-ALPHA-996508,13/8/2025,15/11/2025,6/11/2025,Delivered On Time,1142706,32,36566592,28732042.28,7834549.72,99.07,Level 3 Top Secret,60
ORD-10853,ALPHA-CNT-2024-770,Ministry of Defense - Brazil,LATAM,Brazil,Cyber Security,Threat Intelligence Node,Ground Tactical,SN-ALPHA-662146,17/10/2025,22/11/2025,,In Production,996769,36,35883684,25211661.61,10672022.39,93.76,Level 3 Top Secret,36
ORD-10854,ALPHA-CNT-2025-421,Ministry of Defense - Chile,LATAM,Chile,Land Defense,Artillery Tracking Unit,Maritime,SN-ALPHA-544136,6/7/2023,28/8/2023,27/8/2023,Delivered On Time,213402,13,2774226,2104925.8,669300.2,93.84,Level 1 Standard,12
ORD-10855,ALPHA-CNT-2023-112,Ministry of Defense - Brazil,LATAM,Brazil,Cyber Security,Threat Intelligence Node,Maritime,SN-ALPHA-692099,19/6/2023,15/9/2023,11/9/2023,Delivered On Time,904901,6,5429406,3950369.98,1479036.02,89.42,Level 1 Standard,36
ORD-10856,ALPHA-CNT-2024-821,Ministry of Defense - USA,North America,USA,Naval Technology,Submarine Communications Module,Digital Command,SN-ALPHA-483405,24/5/2025,17/11/2025,9/11/2025,Delivered On Time,1244835,14,17427690,10075396.92,7352293.08,97.55,Level 3 Top Secret,12
ORD-10857,ALPHA-CNT-2025-989,Ministry of Defense - Poland,Europe,Poland,Naval Technology,Submarine Communications Module,Maritime,SN-ALPHA-741603,24/5/2023,20/11/2023,14/11/2023,Delivered On Time,469007,37,17353259,12736946.8,4616312.2,90.94,Level 1 Standard,60
ORD-10858,ALPHA-CNT-2023-794,Ministry of Defense - Qatar,Middle East,Qatar,Naval Technology,Sonar Detection Array,Maritime,SN-ALPHA-388946,27/3/2024,1/5/2024,21/4/2024,Delivered On Time,1451156,48,69655488,43101055.11,26554432.89,98.71,Level 2 Restricted,12
ORD-10859,ALPHA-CNT-2024-637,Ministry of Defense - Chile,LATAM,Chile,Naval Technology,Naval Target Radar,Maritime,SN-ALPHA-813666,5/2/2024,13/5/2024,8/5/2024,Delivered On Time,1300258,15,19503870,13843397.59,5660472.41,98.84,Level 2 Restricted,24
ORD-10860,ALPHA-CNT-2025-885,Ministry of Defense - Poland,Europe,Poland,Aerospace Systems,Jet Engine Turbine Component,Airborne,SN-ALPHA-516760,21/6/2025,15/12/2025,10/2/2026,Delivered Delayed,1473061,47,69233867,43980155.83,25253711.17,99.23,Level 3 Top Secret,48
ORD-10861,ALPHA-CNT-2023-861,Ministry of Defense - Japan,Asia Pacific,Japan,Aerospace Systems,Jet Engine Turbine Component,Airborne,SN-ALPHA-891645,8/9/2024,18/10/2024,16/10/2024,Delivered On Time,273034,4,1092136,873073.25,219062.75,94.19,Level 3 Top Secret,60
ORD-10862,ALPHA-CNT-2024-690,Ministry of Defense - Chile,LATAM,Chile,Tactical Avionics,Cockpit Head Up Display,Maritime,SN-ALPHA-313588,25/5/2023,7/8/2023,23/9/2023,Delivered Delayed,559394,40,22375760,13780959.16,8594800.84,96.06,Level 1 Standard,48
ORD-10863,ALPHA-CNT-2025-841,Ministry of Defense - Qatar,Middle East,Qatar,Land Defense,Ballistic Shielding Suite,Airborne,SN-ALPHA-533301,15/1/2023,14/6/2023,4/6/2023,Delivered On Time,594061,16,9504976,5891018.91,3613957.09,97.26,Level 1 Standard,60
ORD-10864,ALPHA-CNT-2023-678,Ministry of Defense - India,Asia Pacific,India,Cyber Security,Threat Intelligence Node,Ground Tactical,SN-ALPHA-678923,15/8/2025,24/1/2026,16/1/2026,Delivered On Time,840671,28,23538788,18423057.63,5115730.37,89.56,Level 3 Top Secret,48
ORD-10865,ALPHA-CNT-2024-329,Ministry of Defense - Australia,Asia Pacific,Australia,Cyber Security,Encrypted Comms Server,Maritime,SN-ALPHA-921861,2/8/2024,23/12/2024,22/12/2024,Delivered On Time,333007,16,5328112,2963288.64,2364823.36,95.15,Level 3 Top Secret,24
ORD-10866,ALPHA-CNT-2025-785,Ministry of Defense - Saudi Arabia,Middle East,Saudi Arabia,Aerospace Systems,Recon Surveillance Drone,Ground Tactical,SN-ALPHA-684646,6/2/2023,18/5/2023,3/7/2023,Delivered Delayed,363559,4,1454236,1053117.35,401118.65,88.41,Level 2 Restricted,48
ORD-10867,ALPHA-CNT-2023-994,Ministry of Defense - Brazil,LATAM,Brazil,Cyber Security,Quantum Cipher Hardware,Digital Command,SN-ALPHA-605904,27/12/2024,13/3/2025,29/4/2025,Delivered Delayed,118968,45,5353560,3915227.59,1438332.41,93.92,Level 2 Restricted,12
ORD-10868,ALPHA-CNT-2024-446,Ministry of Defense - USA,North America,USA,Aerospace Systems,Flight Control Radar,Ground Tactical,SN-ALPHA-287401,24/4/2023,20/10/2023,14/10/2023,Delivered On Time,543891,26,14141166,10734483.38,3406682.62,89.84,Level 1 Standard,48
ORD-10869,ALPHA-CNT-2025-631,Ministry of Defense - Saudi Arabia,Middle East,Saudi Arabia,Tactical Avionics,Tactical Data Link,Digital Command,SN-ALPHA-488196,9/5/2023,27/9/2023,19/9/2023,Delivered On Time,634718,28,17772104,14104116.39,3667987.61,90.18,Level 2 Restricted,60
ORD-10870,ALPHA-CNT-2023-635,Ministry of Defense - Saudi Arabia,Middle East,Saudi Arabia,Land Defense,Armored Tactical Vehicle,Maritime,SN-ALPHA-686252,30/12/2025,3/6/2026,1/7/2026,Delivered Delayed,1348648,32,43156736,34262153.42,8894582.58,92.34,Level 1 Standard,36
ORD-10871,ALPHA-CNT-2024-804,Ministry of Defense - Saudi Arabia,Middle East,Saudi Arabia,Tactical Avionics,Tactical Data Link,Digital Command,SN-ALPHA-681866,25/6/2023,17/8/2023,17/8/2023,Delivered On Time,51515,45,2318175,1312826.99,1005348.01,93.15,Level 1 Standard,48
ORD-10872,ALPHA-CNT-2025-817,Ministry of Defense - Australia,Asia Pacific,Australia,Naval Technology,Sonar Detection Array,Digital Command,SN-ALPHA-607259,20/5/2025,17/10/2025,12/10/2025,Delivered On Time,147206,2,294412,222416.44,71995.56,95.42,Level 1 Standard,48
ORD-10873,ALPHA-CNT-2023-733,Ministry of Defense - UK,Europe,UK,Naval Technology,Sonar Detection Array,Ground Tactical,SN-ALPHA-366105,22/12/2025,20/4/2026,,In Production,295282,31,9153742,6513596.7,2640145.3,88.89,Level 2 Restricted,48
ORD-10874,ALPHA-CNT-2024-197,Ministry of Defense - USA,North America,USA,Naval Technology,Sonar Detection Array,Ground Tactical,SN-ALPHA-421549,23/9/2023,4/2/2024,28/2/2024,Delivered Delayed,457821,3,1373463,977679.77,395783.23,93.99,Level 3 Top Secret,60
ORD-10875,ALPHA-CNT-2025-543,Ministry of Defense - Chile,LATAM,Chile,Tactical Avionics,Night Vision Targeting System,Ground Tactical,SN-ALPHA-705711,3/6/2025,26/9/2025,24/9/2025,Delivered On Time,892672,8,7141376,4156905.57,2984470.43,90.17,Level 3 Top Secret,48
ORD-10876,ALPHA-CNT-2023-777,Ministry of Defense - Chile,LATAM,Chile,Cyber Security,Threat Intelligence Node,Maritime,SN-ALPHA-461083,23/2/2025,15/6/2025,,In Production,55586,24,1334064,950583.02,383480.98,94.83,Level 2 Restricted,60
ORD-10877,ALPHA-CNT-2024-844,Ministry of Defense - Poland,Europe,Poland,Land Defense,Ballistic Shielding Suite,Maritime,SN-ALPHA-911801,13/5/2025,8/7/2025,26/7/2025,Delivered Delayed,1068725,15,16030875,12754495.11,3276379.89,95.59,Level 3 Top Secret,60
ORD-10878,ALPHA-CNT-2025-354,Ministry of Defense - Qatar,Middle East,Qatar,Naval Technology,Naval Target Radar,Ground Tactical,SN-ALPHA-839764,9/5/2024,19/7/2024,14/7/2024,Delivered On Time,958806,43,41228658,32074025.89,9154632.11,94.62,Level 1 Standard,36
ORD-10879,ALPHA-CNT-2023-593,Ministry of Defense - Canada,North America,Canada,Naval Technology,Naval Target Radar,Maritime,SN-ALPHA-517469,1/1/2023,25/4/2023,18/6/2023,Delivered Delayed,819565,31,25406515,16762778.18,8643736.82,96.79,Level 3 Top Secret,12
ORD-10880,ALPHA-CNT-2024-454,Ministry of Defense - Brazil,LATAM,Brazil,Naval Technology,Submarine Communications Module,Maritime,SN-ALPHA-871523,29/3/2023,11/8/2023,16/9/2023,Delivered Delayed,1483710,9,13353390,7477724.72,5875665.28,91.99,Level 2 Restricted,60
ORD-10881,ALPHA-CNT-2025-779,Ministry of Defense - Brazil,LATAM,Brazil,Land Defense,Ballistic Shielding Suite,Digital Command,SN-ALPHA-244775,28/9/2023,2/3/2024,28/2/2024,Delivered On Time,1447749,39,56462211,36168188.92,20294022.08,97.1,Level 3 Top Secret,24
ORD-10882,ALPHA-CNT-2023-792,Ministry of Defense - Saudi Arabia,Middle East,Saudi Arabia,Naval Technology,Submarine Communications Module,Digital Command,SN-ALPHA-996531,2/5/2023,13/8/2023,10/8/2023,Delivered On Time,594999,45,26774955,20257866.1,6517088.9,93.15,Level 1 Standard,48
ORD-10883,ALPHA-CNT-2024-756,Ministry of Defense - Poland,Europe,Poland,Land Defense,Armored Tactical Vehicle,Ground Tactical,SN-ALPHA-791308,8/2/2024,19/6/2024,17/6/2024,Delivered On Time,70039,2,140078,101609.05,38468.95,93.76,Level 1 Standard,24
ORD-10884,ALPHA-CNT-2025-494,Ministry of Defense - USA,North America,USA,Naval Technology,Sonar Detection Array,Maritime,SN-ALPHA-224870,1/10/2025,20/3/2026,3/4/2026,Delivered Delayed,256555,8,2052440,1364535.82,687904.18,95.71,Level 2 Restricted,48
ORD-10885,ALPHA-CNT-2023-252,Ministry of Defense - Poland,Europe,Poland,Tactical Avionics,Night Vision Targeting System,Digital Command,SN-ALPHA-884140,4/2/2023,15/3/2023,14/3/2023,Delivered On Time,1048899,7,7342293,4139404.05,3202888.95,88.22,Level 2 Restricted,36
ORD-10886,ALPHA-CNT-2024-959,Ministry of Defense - Germany,Europe,Germany,Tactical Avionics,Night Vision Targeting System,Airborne,SN-ALPHA-340932,3/8/2024,27/12/2024,,In Production,1318306,44,58005464,38093561.89,19911902.11,95.78,Level 2 Restricted,60
ORD-10887,ALPHA-CNT-2025-946,Ministry of Defense - USA,North America,USA,Land Defense,Armored Tactical Vehicle,Maritime,SN-ALPHA-568288,12/2/2023,5/4/2023,28/4/2023,Delivered Delayed,51577,39,2011503,1342187.92,669315.08,95.36,Level 1 Standard,12
ORD-10888,ALPHA-CNT-2023-671,Ministry of Defense - USA,North America,USA,Tactical Avionics,Night Vision Targeting System,Airborne,SN-ALPHA-921149,29/10/2024,16/2/2025,15/2/2025,Delivered On Time,157792,42,6627264,5183440.86,1443823.14,91.69,Level 3 Top Secret,60
ORD-10889,ALPHA-CNT-2024-727,Ministry of Defense - Chile,LATAM,Chile,Land Defense,Armored Tactical Vehicle,Ground Tactical,SN-ALPHA-833281,7/5/2024,9/8/2024,15/9/2024,Delivered Delayed,995854,16,15933664,11317227.84,4616436.16,89.02,Level 3 Top Secret,48
ORD-10890,ALPHA-CNT-2025-155,Ministry of Defense - Chile,LATAM,Chile,Tactical Avionics,Tactical Data Link,Maritime,SN-ALPHA-269654,31/5/2024,20/9/2024,12/9/2024,Delivered On Time,1337116,35,46799060,29385748.89,17413311.11,89.08,Level 2 Restricted,12
ORD-10891,ALPHA-CNT-2023-111,Ministry of Defense - Canada,North America,Canada,Tactical Avionics,Cockpit Head Up Display,Ground Tactical,SN-ALPHA-205149,9/3/2023,7/5/2023,4/7/2023,Delivered Delayed,1001302,30,30039060,20466499.72,9572560.28,98.99,Level 3 Top Secret,60
ORD-10892,ALPHA-CNT-2024-758,Ministry of Defense - India,Asia Pacific,India,Land Defense,Armored Tactical Vehicle,Ground Tactical,SN-ALPHA-324875,6/7/2024,16/11/2024,7/1/2025,Delivered Delayed,1327082,10,13270820,7518103.03,5752716.97,96.2,Level 3 Top Secret,12
ORD-10893,ALPHA-CNT-2025-260,Ministry of Defense - Chile,LATAM,Chile,Cyber Security,Quantum Cipher Hardware,Ground Tactical,SN-ALPHA-633036,14/8/2025,22/1/2026,14/1/2026,Delivered On Time,60785,38,2309830,1832023.32,477806.68,89.51,Level 2 Restricted,48
ORD-10894,ALPHA-CNT-2023-617,Ministry of Defense - South Korea,Asia Pacific,South Korea,Tactical Avionics,Night Vision Targeting System,Ground Tactical,SN-ALPHA-520018,16/7/2025,15/8/2025,15/8/2025,Delivered On Time,1170803,18,21074454,13487966.16,7586487.84,92.25,Level 2 Restricted,36
ORD-10895,ALPHA-CNT-2024-969,Ministry of Defense - Canada,North America,Canada,Naval Technology,Naval Target Radar,Ground Tactical,SN-ALPHA-924265,24/4/2023,9/10/2023,29/9/2023,Delivered On Time,955112,5,4775560,3197079.06,1578480.94,95.05,Level 1 Standard,36
ORD-10896,ALPHA-CNT-2025-580,Ministry of Defense - Chile,LATAM,Chile,Cyber Security,Encrypted Comms Server,Maritime,SN-ALPHA-454877,24/9/2025,19/2/2026,14/2/2026,Delivered On Time,898389,29,26053281,16643382.85,9409898.15,97.94,Level 1 Standard,60
ORD-10897,ALPHA-CNT-2023-972,Ministry of Defense - Germany,Europe,Germany,Land Defense,Armored Tactical Vehicle,Airborne,SN-ALPHA-939756,14/3/2023,27/7/2023,18/7/2023,Delivered On Time,908326,39,35424714,25528038.41,9896675.59,88.52,Level 1 Standard,24
ORD-10898,ALPHA-CNT-2024-607,Ministry of Defense - USA,North America,USA,Cyber Security,Encrypted Comms Server,Maritime,SN-ALPHA-677321,21/4/2024,3/6/2024,1/6/2024,Delivered On Time,1346517,34,45781578,32759376.2,13022201.8,90.82,Level 1 Standard,48
ORD-10899,ALPHA-CNT-2025-990,Ministry of Defense - Saudi Arabia,Middle East,Saudi Arabia,Aerospace Systems,Recon Surveillance Drone,Maritime,SN-ALPHA-743852,15/1/2025,3/4/2025,,Under Testing,200653,43,8628079,6288407.8,2339671.2,98.59,Level 3 Top Secret,60
ORD-10900,ALPHA-CNT-2023-269,Ministry of Defense - Australia,Asia Pacific,Australia,Aerospace Systems,Recon Surveillance Drone,Maritime,SN-ALPHA-830917,23/7/2023,1/1/2024,23/12/2023,Delivered On Time,367336,45,16530120,10199675.94,6330444.06,88.11,Level 3 Top Secret,60
ORD-10901,ALPHA-CNT-2024-176,Ministry of Defense - USA,North America,USA,Tactical Avionics,Tactical Data Link,Digital Command,SN-ALPHA-817817,20/12/2024,21/4/2025,15/4/2025,Delivered On Time,313606,23,7212938,4536340.2,2676597.8,90.4,Level 1 Standard,36
ORD-10902,ALPHA-CNT-2025-869,Ministry of Defense - Canada,North America,Canada,Tactical Avionics,Cockpit Head Up Display,Digital Command,SN-ALPHA-841122,10/2/2025,17/7/2025,31/7/2025,Delivered Delayed,440992,5,2204960,1281771.49,923188.51,99.41,Level 1 Standard,12
ORD-10903,ALPHA-CNT-2023-603,Ministry of Defense - Brazil,LATAM,Brazil,Naval Technology,Submarine Communications Module,Maritime,SN-ALPHA-154581,17/9/2023,7/2/2024,5/2/2024,Delivered On Time,983015,30,29490450,21052568.51,8437881.49,95.3,Level 2 Restricted,48
ORD-10904,ALPHA-CNT-2024-428,Ministry of Defense - Chile,LATAM,Chile,Cyber Security,Quantum Cipher Hardware,Airborne,SN-ALPHA-268546,18/7/2024,30/8/2024,,Under Testing,1436826,6,8620956,4827298.12,3793657.88,91.11,Level 3 Top Secret,12
ORD-10905,ALPHA-CNT-2025-346,Ministry of Defense - Chile,LATAM,Chile,Aerospace Systems,Jet Engine Turbine Component,Maritime,SN-ALPHA-508004,29/1/2024,20/4/2024,6/5/2024,Delivered Delayed,1409385,46,64831710,45344632.46,19487077.54,88.8,Level 3 Top Secret,48
ORD-10906,ALPHA-CNT-2023-438,Ministry of Defense - Qatar,Middle East,Qatar,Tactical Avionics,Tactical Data Link,Ground Tactical,SN-ALPHA-766764,22/6/2024,28/9/2024,25/11/2024,Delivered Delayed,1441730,44,63436120,48682399.13,14753720.87,88.34,Level 1 Standard,24
ORD-10907,ALPHA-CNT-2024-384,Ministry of Defense - Brazil,LATAM,Brazil,Cyber Security,Encrypted Comms Server,Digital Command,SN-ALPHA-105547,14/12/2025,2/6/2026,24/5/2026,Delivered On Time,274737,4,1098948,849165.95,249782.05,90.91,Level 3 Top Secret,36
ORD-10908,ALPHA-CNT-2025-151,Ministry of Defense - USA,North America,USA,Tactical Avionics,Cockpit Head Up Display,Digital Command,SN-ALPHA-943442,19/10/2023,21/12/2023,19/12/2023,Delivered On Time,944235,29,27382815,18134527.73,9248287.27,98.49,Level 2 Restricted,24
ORD-10909,ALPHA-CNT-2023-619,Ministry of Defense - Brazil,LATAM,Brazil,Tactical Avionics,Tactical Data Link,Maritime,SN-ALPHA-195513,17/6/2025,28/9/2025,21/9/2025,Delivered On Time,693970,23,15961310,10611492.64,5349817.36,92.95,Level 2 Restricted,60
ORD-10910,ALPHA-CNT-2024-328,Ministry of Defense - Germany,Europe,Germany,Aerospace Systems,Recon Surveillance Drone,Maritime,SN-ALPHA-963245,8/4/2023,28/8/2023,,In Production,436213,6,2617278,1489865.34,1127412.66,96.57,Level 3 Top Secret,36
ORD-10911,ALPHA-CNT-2025-663,Ministry of Defense - Brazil,LATAM,Brazil,Aerospace Systems,Flight Control Radar,Airborne,SN-ALPHA-252387,9/5/2023,10/10/2023,10/10/2023,Delivered On Time,1153036,32,36897152,26480763.38,10416388.62,98.93,Level 1 Standard,60
ORD-10912,ALPHA-CNT-2023-758,Ministry of Defense - Saudi Arabia,Middle East,Saudi Arabia,Tactical Avionics,Night Vision Targeting System,Airborne,SN-ALPHA-594580,7/7/2023,6/9/2023,31/8/2023,Delivered On Time,449437,42,18876354,14257590.59,4618763.41,92.86,Level 3 Top Secret,24
ORD-10913,ALPHA-CNT-2024-487,Ministry of Defense - UK,Europe,UK,Land Defense,Armored Tactical Vehicle,Ground Tactical,SN-ALPHA-729402,6/5/2023,12/6/2023,,Under Testing,466690,18,8400420,5134032.3,3266387.7,90.28,Level 2 Restricted,48
ORD-10914,ALPHA-CNT-2025-512,Ministry of Defense - USA,North America,USA,Tactical Avionics,Tactical Data Link,Maritime,SN-ALPHA-556526,19/8/2025,18/11/2025,13/11/2025,Delivered On Time,1073577,15,16103655,10553131.26,5550523.74,94.15,Level 1 Standard,60
ORD-10915,ALPHA-CNT-2023-936,Ministry of Defense - Canada,North America,Canada,Tactical Avionics,Cockpit Head Up Display,Maritime,SN-ALPHA-192422,5/11/2025,14/1/2026,4/1/2026,Delivered On Time,1213951,40,48558040,36890020.52,11668019.48,98.81,Level 3 Top Secret,12
ORD-10916,ALPHA-CNT-2024-340,Ministry of Defense - South Korea,Asia Pacific,South Korea,Naval Technology,Sonar Detection Array,Maritime,SN-ALPHA-167193,17/11/2024,6/3/2025,3/3/2025,Delivered On Time,949092,32,30370944,23363763.35,7007180.65,97.57,Level 1 Standard,48
ORD-10917,ALPHA-CNT-2025-180,Ministry of Defense - Germany,Europe,Germany,Naval Technology,Sonar Detection Array,Digital Command,SN-ALPHA-375871,16/2/2024,5/8/2024,,Under Testing,202117,9,1819053,1111068.47,707984.53,88.78,Level 1 Standard,48
ORD-10918,ALPHA-CNT-2023-570,Ministry of Defense - Australia,Asia Pacific,Australia,Naval Technology,Naval Target Radar,Ground Tactical,SN-ALPHA-332542,5/9/2024,8/10/2024,1/10/2024,Delivered On Time,927751,37,34326787,23604563.08,10722223.92,96.24,Level 2 Restricted,24
ORD-10919,ALPHA-CNT-2024-554,Ministry of Defense - Germany,Europe,Germany,Land Defense,Artillery Tracking Unit,Airborne,SN-ALPHA-488848,2/6/2025,20/11/2025,3/1/2026,Delivered Delayed,1215158,10,12151580,7268142.98,4883437.02,94.81,Level 1 Standard,24
ORD-10920,ALPHA-CNT-2025-920,Ministry of Defense - France,Europe,France,Land Defense,Armored Tactical Vehicle,Digital Command,SN-ALPHA-183927,6/6/2025,18/10/2025,10/11/2025,Delivered Delayed,972426,20,19448520,11192033.8,8256486.2,98.8,Level 3 Top Secret,36
ORD-10921,ALPHA-CNT-2023-686,Ministry of Defense - Qatar,Middle East,Qatar,Tactical Avionics,Tactical Data Link,Digital Command,SN-ALPHA-738613,20/8/2024,12/10/2024,5/10/2024,Delivered On Time,728066,6,4368396,3397651.59,970744.41,89.46,Level 1 Standard,36
ORD-10922,ALPHA-CNT-2024-558,Ministry of Defense - South Korea,Asia Pacific,South Korea,Naval Technology,Naval Target Radar,Digital Command,SN-ALPHA-139589,7/7/2025,2/10/2025,21/10/2025,Delivered Delayed,102949,48,4941552,3731498.72,1210053.28,94.36,Level 1 Standard,12
ORD-10923,ALPHA-CNT-2025-190,Ministry of Defense - Qatar,Middle East,Qatar,Land Defense,Artillery Tracking Unit,Digital Command,SN-ALPHA-859687,10/1/2024,9/3/2024,1/3/2024,Delivered On Time,513930,3,1541790,1140938.05,400851.95,98.47,Level 3 Top Secret,48
ORD-10924,ALPHA-CNT-2023-977,Ministry of Defense - UK,Europe,UK,Aerospace Systems,Jet Engine Turbine Component,Ground Tactical,SN-ALPHA-502995,4/2/2024,1/7/2024,28/6/2024,Delivered On Time,145558,42,6113436,3436922.24,2676513.76,92.88,Level 2 Restricted,12
ORD-10925,ALPHA-CNT-2024-610,Ministry of Defense - Canada,North America,Canada,Tactical Avionics,Tactical Data Link,Maritime,SN-ALPHA-520106,24/11/2023,23/1/2024,16/2/2024,Delivered Delayed,1059260,11,11651860,8866275.44,2785584.56,93.74,Level 2 Restricted,12
ORD-10926,ALPHA-CNT-2025-557,Ministry of Defense - Germany,Europe,Germany,Cyber Security,Quantum Cipher Hardware,Airborne,SN-ALPHA-743789,10/12/2025,17/2/2026,,In Production,839148,43,36083364,23797376.16,12285987.84,88.84,Level 3 Top Secret,24
ORD-10927,ALPHA-CNT-2023-423,Ministry of Defense - Qatar,Middle East,Qatar,Tactical Avionics,Night Vision Targeting System,Airborne,SN-ALPHA-788049,5/8/2025,9/1/2026,6/3/2026,Delivered Delayed,1246222,17,21185774,13465652.13,7720121.87,91.31,Level 3 Top Secret,12
ORD-10928,ALPHA-CNT-2024-221,Ministry of Defense - Australia,Asia Pacific,Australia,Cyber Security,Encrypted Comms Server,Digital Command,SN-ALPHA-646313,9/8/2023,21/11/2023,14/11/2023,Delivered On Time,767186,32,24549952,16856465.71,7693486.29,91.86,Level 2 Restricted,12
ORD-10929,ALPHA-CNT-2025-609,Ministry of Defense - India,Asia Pacific,India,Naval Technology,Submarine Communications Module,Digital Command,SN-ALPHA-400384,18/12/2023,26/5/2024,23/5/2024,Delivered On Time,121916,4,487664,279352.62,208311.38,99.25,Level 1 Standard,60
ORD-10930,ALPHA-CNT-2023-863,Ministry of Defense - Qatar,Middle East,Qatar,Cyber Security,Encrypted Comms Server,Ground Tactical,SN-ALPHA-846172,11/7/2023,18/10/2023,13/10/2023,Delivered On Time,1358166,4,5432664,4015616.82,1417047.18,91.36,Level 3 Top Secret,36
ORD-10931,ALPHA-CNT-2024-769,Ministry of Defense - South Korea,Asia Pacific,South Korea,Naval Technology,Naval Target Radar,Digital Command,SN-ALPHA-726495,1/5/2025,14/9/2025,4/9/2025,Delivered On Time,822378,17,13980426,9724906.92,4255519.08,93.48,Level 1 Standard,36
ORD-10932,ALPHA-CNT-2025-118,Ministry of Defense - Brazil,LATAM,Brazil,Aerospace Systems,Jet Engine Turbine Component,Airborne,SN-ALPHA-160254,17/12/2025,19/5/2026,10/5/2026,Delivered On Time,1173270,41,48104070,28701174.27,19402895.73,95.99,Level 3 Top Secret,48
ORD-10933,ALPHA-CNT-2023-205,Ministry of Defense - Canada,North America,Canada,Cyber Security,Encrypted Comms Server,Airborne,SN-ALPHA-911187,31/5/2025,28/10/2025,21/10/2025,Delivered On Time,463867,19,8813473,5262155,3551318,89.93,Level 2 Restricted,36
ORD-10934,ALPHA-CNT-2024-513,Ministry of Defense - USA,North America,USA,Tactical Avionics,Night Vision Targeting System,Maritime,SN-ALPHA-960072,10/10/2025,10/1/2026,3/1/2026,Delivered On Time,905126,5,4525630,2697556.81,1828073.19,93.79,Level 1 Standard,48
ORD-10935,ALPHA-CNT-2025-522,Ministry of Defense - USA,North America,USA,Naval Technology,Submarine Communications Module,Maritime,SN-ALPHA-283785,25/6/2025,18/11/2025,14/11/2025,Delivered On Time,1380728,32,44183296,24930451.14,19252844.86,96.79,Level 1 Standard,60
ORD-10936,ALPHA-CNT-2023-136,Ministry of Defense - Japan,Asia Pacific,Japan,Tactical Avionics,Night Vision Targeting System,Airborne,SN-ALPHA-771394,26/7/2023,13/1/2024,7/1/2024,Delivered On Time,1079242,22,23743324,16547900.46,7195423.54,98.32,Level 3 Top Secret,36
ORD-10937,ALPHA-CNT-2024-670,Ministry of Defense - Australia,Asia Pacific,Australia,Land Defense,Armored Tactical Vehicle,Airborne,SN-ALPHA-618382,15/4/2024,21/6/2024,13/6/2024,Delivered On Time,120474,6,722844,549424.36,173419.64,95.45,Level 1 Standard,60
ORD-10938,ALPHA-CNT-2025-662,Ministry of Defense - Germany,Europe,Germany,Naval Technology,Naval Target Radar,Ground Tactical,SN-ALPHA-560295,8/11/2024,16/3/2025,,In Production,400068,35,14002380,7762563.16,6239816.84,95.96,Level 3 Top Secret,36
ORD-10939,ALPHA-CNT-2023-100,Ministry of Defense - UK,Europe,UK,Cyber Security,Quantum Cipher Hardware,Ground Tactical,SN-ALPHA-111230,28/6/2025,14/9/2025,6/9/2025,Delivered On Time,1360624,22,29933728,16830273.33,13103454.67,89.5,Level 2 Restricted,36
ORD-10940,ALPHA-CNT-2024-945,Ministry of Defense - Canada,North America,Canada,Naval Technology,Naval Target Radar,Airborne,SN-ALPHA-311505,10/12/2025,19/5/2026,,Under Testing,1041921,1,1041921,722251.89,319669.11,99.25,Level 1 Standard,60
ORD-10941,ALPHA-CNT-2025-193,Ministry of Defense - Brazil,LATAM,Brazil,Tactical Avionics,Cockpit Head Up Display,Digital Command,SN-ALPHA-991884,2/11/2024,5/1/2025,,In Production,776499,20,15529980,11723176.9,3806803.1,89.58,Level 3 Top Secret,12
ORD-10942,ALPHA-CNT-2023-910,Ministry of Defense - France,Europe,France,Aerospace Systems,Jet Engine Turbine Component,Maritime,SN-ALPHA-788793,5/2/2023,24/3/2023,18/3/2023,Delivered On Time,871412,22,19171064,12110068.25,7060995.75,97.22,Level 1 Standard,12
ORD-10943,ALPHA-CNT-2024-718,Ministry of Defense - Germany,Europe,Germany,Naval Technology,Naval Target Radar,Airborne,SN-ALPHA-942960,8/7/2024,16/10/2024,31/10/2024,Delivered Delayed,1153546,48,55370208,35293169.9,20077038.1,91.15,Level 3 Top Secret,12
ORD-10944,ALPHA-CNT-2025-733,Ministry of Defense - Australia,Asia Pacific,Australia,Cyber Security,Threat Intelligence Node,Digital Command,SN-ALPHA-643323,17/12/2025,2/5/2026,28/6/2026,Delivered Delayed,1377486,11,15152346,10592802.42,4559543.58,99.11,Level 3 Top Secret,12
ORD-10945,ALPHA-CNT-2023-752,Ministry of Defense - Chile,LATAM,Chile,Land Defense,Ballistic Shielding Suite,Airborne,SN-ALPHA-399899,21/9/2023,16/1/2024,2/2/2024,Delivered Delayed,691232,13,8986016,5558329.15,3427686.85,96.57,Level 3 Top Secret,36
ORD-10946,ALPHA-CNT-2024-411,Ministry of Defense - USA,North America,USA,Aerospace Systems,Flight Control Radar,Maritime,SN-ALPHA-304206,16/8/2023,22/1/2024,13/1/2024,Delivered On Time,454911,42,19106262,10635540.7,8470721.3,96.97,Level 2 Restricted,24
ORD-10947,ALPHA-CNT-2025-620,Ministry of Defense - France,Europe,France,Land Defense,Armored Tactical Vehicle,Maritime,SN-ALPHA-135241,11/11/2023,17/2/2024,15/2/2024,Delivered On Time,461012,3,1383036,1014881.68,368154.32,90.61,Level 1 Standard,60
ORD-10948,ALPHA-CNT-2023-675,Ministry of Defense - Brazil,LATAM,Brazil,Naval Technology,Submarine Communications Module,Ground Tactical,SN-ALPHA-922041,28/1/2024,27/2/2024,23/2/2024,Delivered On Time,1272191,9,11449719,8088224.37,3361494.63,93.27,Level 2 Restricted,24
ORD-10949,ALPHA-CNT-2024-311,Ministry of Defense - Brazil,LATAM,Brazil,Tactical Avionics,Tactical Data Link,Ground Tactical,SN-ALPHA-728636,29/12/2025,10/4/2026,10/4/2026,Delivered On Time,1219070,12,14628840,10169808.65,4459031.35,95.35,Level 3 Top Secret,24
ORD-10950,ALPHA-CNT-2025-770,Ministry of Defense - USA,North America,USA,Tactical Avionics,Tactical Data Link,Ground Tactical,SN-ALPHA-635348,28/12/2024,13/4/2025,29/5/2025,Delivered Delayed,221277,23,5089371,3742830.47,1346540.53,97.16,Level 3 Top Secret,48
ORD-10951,ALPHA-CNT-2023-787,Ministry of Defense - Brazil,LATAM,Brazil,Cyber Security,Threat Intelligence Node,Ground Tactical,SN-ALPHA-640869,26/7/2023,22/1/2024,26/2/2024,Delivered Delayed,541966,14,7587524,5453970.75,2133553.25,89.24,Level 2 Restricted,12
ORD-10952,ALPHA-CNT-2024-567,Ministry of Defense - Brazil,LATAM,Brazil,Tactical Avionics,Tactical Data Link,Maritime,SN-ALPHA-832377,8/9/2024,5/3/2025,28/2/2025,Delivered On Time,346303,33,11427999,6873604.24,4554394.76,99.45,Level 2 Restricted,36
ORD-10953,ALPHA-CNT-2025-449,Ministry of Defense - Chile,LATAM,Chile,Aerospace Systems,Flight Control Radar,Digital Command,SN-ALPHA-342924,20/2/2024,24/7/2024,2/9/2024,Delivered Delayed,1110092,18,19981656,12750699.56,7230956.44,98.59,Level 1 Standard,12
ORD-10954,ALPHA-CNT-2023-472,Ministry of Defense - UK,Europe,UK,Tactical Avionics,Tactical Data Link,Digital Command,SN-ALPHA-745073,8/7/2023,14/9/2023,13/9/2023,Delivered On Time,1411212,49,69149388,40212273.18,28937114.82,91.22,Level 3 Top Secret,12
ORD-10955,ALPHA-CNT-2024-945,Ministry of Defense - Canada,North America,Canada,Cyber Security,Threat Intelligence Node,Digital Command,SN-ALPHA-277715,28/3/2024,19/8/2024,11/8/2024,Delivered On Time,865518,41,35486238,20669465.12,14816772.88,97.79,Level 2 Restricted,24
ORD-10956,ALPHA-CNT-2025-155,Ministry of Defense - Chile,LATAM,Chile,Naval Technology,Submarine Communications Module,Airborne,SN-ALPHA-806765,27/1/2024,12/7/2024,,In Production,233163,9,2098467,1508900.46,589566.54,94.17,Level 3 Top Secret,48
ORD-10957,ALPHA-CNT-2023-936,Ministry of Defense - Brazil,LATAM,Brazil,Naval Technology,Sonar Detection Array,Ground Tactical,SN-ALPHA-137812,26/8/2025,26/1/2026,25/1/2026,Delivered On Time,1226599,23,28211777,21572136.04,6639640.96,93.5,Level 3 Top Secret,12
ORD-10958,ALPHA-CNT-2024-328,Ministry of Defense - France,Europe,France,Tactical Avionics,Night Vision Targeting System,Ground Tactical,SN-ALPHA-477214,23/5/2025,18/9/2025,14/9/2025,Delivered On Time,422339,10,4223390,3339363.29,884026.71,91.74,Level 1 Standard,60
ORD-10959,ALPHA-CNT-2025-964,Ministry of Defense - Canada,North America,Canada,Land Defense,Artillery Tracking Unit,Maritime,SN-ALPHA-350878,9/7/2024,1/11/2024,31/10/2024,Delivered On Time,1277414,19,24270866,17161608.47,7109257.53,94.91,Level 1 Standard,60
ORD-10960,ALPHA-CNT-2023-565,Ministry of Defense - South Korea,Asia Pacific,South Korea,Naval Technology,Sonar Detection Array,Maritime,SN-ALPHA-786837,11/8/2025,29/1/2026,27/1/2026,Delivered On Time,875169,47,41132943,24516275.96,16616667.04,96.69,Level 1 Standard,12
ORD-10961,ALPHA-CNT-2024-439,Ministry of Defense - Germany,Europe,Germany,Tactical Avionics,Tactical Data Link,Airborne,SN-ALPHA-100301,19/8/2024,4/2/2025,,Under Testing,321409,5,1607045,926320.96,680724.04,92.89,Level 2 Restricted,24
ORD-10962,ALPHA-CNT-2025-673,Ministry of Defense - USA,North America,USA,Cyber Security,Threat Intelligence Node,Airborne,SN-ALPHA-265092,14/1/2024,19/5/2024,10/6/2024,Delivered Delayed,688453,47,32357291,24371923.91,7985367.09,95.49,Level 3 Top Secret,24
ORD-10963,ALPHA-CNT-2023-885,Ministry of Defense - Chile,LATAM,Chile,Tactical Avionics,Cockpit Head Up Display,Digital Command,SN-ALPHA-191061,19/5/2025,12/10/2025,,Under Testing,693789,23,15957147,11085256.39,4871890.61,96.32,Level 2 Restricted,36
ORD-10964,ALPHA-CNT-2024-734,Ministry of Defense - Canada,North America,Canada,Naval Technology,Sonar Detection Array,Maritime,SN-ALPHA-389340,14/11/2025,6/3/2026,8/4/2026,Delivered Delayed,1431710,30,42951300,30262251.36,12689048.64,96.46,Level 2 Restricted,48
ORD-10965,ALPHA-CNT-2025-714,Ministry of Defense - Canada,North America,Canada,Cyber Security,Threat Intelligence Node,Ground Tactical,SN-ALPHA-917546,7/9/2025,24/11/2025,16/11/2025,Delivered On Time,544670,25,13616750,10149455.97,3467294.03,88.62,Level 1 Standard,24
ORD-10966,ALPHA-CNT-2023-584,Ministry of Defense - USA,North America,USA,Tactical Avionics,Tactical Data Link,Digital Command,SN-ALPHA-518836,18/4/2025,18/7/2025,16/7/2025,Delivered On Time,851818,28,23850904,17311446.61,6539457.39,98.23,Level 3 Top Secret,36
ORD-10967,ALPHA-CNT-2024-833,Ministry of Defense - South Korea,Asia Pacific,South Korea,Aerospace Systems,Recon Surveillance Drone,Ground Tactical,SN-ALPHA-470281,2/6/2025,25/11/2025,22/1/2026,Delivered Delayed,873857,34,29711138,22539301.98,7171836.02,93.45,Level 3 Top Secret,60
ORD-10968,ALPHA-CNT-2025-772,Ministry of Defense - USA,North America,USA,Cyber Security,Threat Intelligence Node,Digital Command,SN-ALPHA-802191,2/1/2024,9/5/2024,3/5/2024,Delivered On Time,171635,45,7723575,4356509.33,3367065.67,91.12,Level 1 Standard,60
ORD-10969,ALPHA-CNT-2023-472,Ministry of Defense - Australia,Asia Pacific,Australia,Aerospace Systems,Recon Surveillance Drone,Ground Tactical,SN-ALPHA-514337,20/7/2025,17/10/2025,,In Production,748614,48,35933472,26478662.57,9454809.43,90.88,Level 3 Top Secret,60
ORD-10970,ALPHA-CNT-2024-833,Ministry of Defense - Chile,LATAM,Chile,Land Defense,Ballistic Shielding Suite,Airborne,SN-ALPHA-525146,31/10/2023,14/3/2024,,In Production,270935,47,12733945,9712347.8,3021597.2,93.75,Level 1 Standard,12
ORD-10971,ALPHA-CNT-2025-563,Ministry of Defense - South Korea,Asia Pacific,South Korea,Cyber Security,Threat Intelligence Node,Digital Command,SN-ALPHA-714549,7/9/2024,18/10/2024,17/10/2024,Delivered On Time,1152210,25,28805250,17903435.36,10901814.64,98.55,Level 2 Restricted,48
ORD-10972,ALPHA-CNT-2023-216,Ministry of Defense - Chile,LATAM,Chile,Aerospace Systems,Flight Control Radar,Ground Tactical,SN-ALPHA-310040,9/2/2024,30/5/2024,,Under Testing,1054221,10,10542210,7486147.91,3056062.09,92.5,Level 2 Restricted,36
ORD-10973,ALPHA-CNT-2024-199,Ministry of Defense - Brazil,LATAM,Brazil,Naval Technology,Naval Target Radar,Ground Tactical,SN-ALPHA-642892,8/3/2023,6/8/2023,,In Production,753022,14,10542308,6626267.71,3916040.29,96.92,Level 1 Standard,48
ORD-10974,ALPHA-CNT-2025-877,Ministry of Defense - Australia,Asia Pacific,Australia,Naval Technology,Naval Target Radar,Maritime,SN-ALPHA-116112,7/1/2023,14/5/2023,2/6/2023,Delivered Delayed,923420,42,38783640,30619403.24,8164236.76,89.15,Level 2 Restricted,12
ORD-10975,ALPHA-CNT-2023-774,Ministry of Defense - UK,Europe,UK,Land Defense,Armored Tactical Vehicle,Digital Command,SN-ALPHA-872722,19/10/2025,24/2/2026,17/2/2026,Delivered On Time,542503,46,24955138,13933848.37,11021289.63,93.67,Level 2 Restricted,36
ORD-10976,ALPHA-CNT-2024-327,Ministry of Defense - Qatar,Middle East,Qatar,Cyber Security,Threat Intelligence Node,Ground Tactical,SN-ALPHA-837801,13/4/2025,20/6/2025,15/6/2025,Delivered On Time,268599,30,8057970,5599871.84,2458098.16,99.8,Level 1 Standard,36
ORD-10977,ALPHA-CNT-2025-102,Ministry of Defense - Canada,North America,Canada,Cyber Security,Encrypted Comms Server,Maritime,SN-ALPHA-171950,13/4/2024,16/9/2024,16/9/2024,Delivered On Time,287919,41,11804679,6983953.68,4820725.32,97.17,Level 2 Restricted,24
ORD-10978,ALPHA-CNT-2023-449,Ministry of Defense - Qatar,Middle East,Qatar,Cyber Security,Threat Intelligence Node,Ground Tactical,SN-ALPHA-194545,12/5/2025,20/6/2025,14/6/2025,Delivered On Time,518668,25,12966700,9440471.43,3526228.57,90.51,Level 3 Top Secret,48
ORD-10979,ALPHA-CNT-2024-463,Ministry of Defense - USA,North America,USA,Land Defense,Armored Tactical Vehicle,Digital Command,SN-ALPHA-676289,13/2/2023,16/4/2023,16/4/2023,Delivered On Time,453359,14,6347026,3769959.35,2577066.65,93.97,Level 2 Restricted,48
ORD-10980,ALPHA-CNT-2025-949,Ministry of Defense - USA,North America,USA,Cyber Security,Threat Intelligence Node,Airborne,SN-ALPHA-398313,28/5/2025,2/11/2025,2/12/2025,Delivered Delayed,1390144,35,48655040,29623417.51,19031622.49,90.78,Level 1 Standard,24
ORD-10981,ALPHA-CNT-2023-748,Ministry of Defense - Chile,LATAM,Chile,Naval Technology,Naval Target Radar,Digital Command,SN-ALPHA-861411,20/11/2025,14/3/2026,6/3/2026,Delivered On Time,1449564,48,69579072,46867955.16,22711116.84,92.87,Level 3 Top Secret,60
ORD-10982,ALPHA-CNT-2024-919,Ministry of Defense - USA,North America,USA,Aerospace Systems,Recon Surveillance Drone,Digital Command,SN-ALPHA-970071,8/12/2024,1/2/2025,1/3/2025,Delivered Delayed,878416,34,29866144,23257027.29,6609116.71,97.28,Level 3 Top Secret,12
ORD-10983,ALPHA-CNT-2025-398,Ministry of Defense - USA,North America,USA,Naval Technology,Submarine Communications Module,Ground Tactical,SN-ALPHA-686273,4/5/2024,23/9/2024,,Under Testing,91505,10,915050,551709.81,363340.19,97.18,Level 2 Restricted,48
ORD-10984,ALPHA-CNT-2023-660,Ministry of Defense - India,Asia Pacific,India,Naval Technology,Submarine Communications Module,Ground Tactical,SN-ALPHA-711248,19/8/2023,13/10/2023,,In Production,1201054,35,42036890,24636139.98,17400750.02,90.71,Level 3 Top Secret,24
ORD-10985,ALPHA-CNT-2024-634,Ministry of Defense - UAE,Middle East,UAE,Aerospace Systems,Recon Surveillance Drone,Digital Command,SN-ALPHA-465004,18/11/2024,1/5/2025,28/4/2025,Delivered On Time,1161275,11,12774025,9449511.01,3324513.99,98.97,Level 1 Standard,36
ORD-10986,ALPHA-CNT-2025-482,Ministry of Defense - South Korea,Asia Pacific,South Korea,Naval Technology,Naval Target Radar,Maritime,SN-ALPHA-464354,15/5/2023,8/10/2023,,In Production,994461,11,10939071,7385567.2,3553503.8,95.05,Level 3 Top Secret,24
ORD-10987,ALPHA-CNT-2023-818,Ministry of Defense - USA,North America,USA,Land Defense,Ballistic Shielding Suite,Maritime,SN-ALPHA-955129,23/5/2024,25/6/2024,19/6/2024,Delivered On Time,950444,21,19959324,15527281.82,4432042.18,92.52,Level 2 Restricted,60
ORD-10988,ALPHA-CNT-2024-208,Ministry of Defense - Brazil,LATAM,Brazil,Aerospace Systems,Recon Surveillance Drone,Maritime,SN-ALPHA-389939,4/4/2023,9/6/2023,8/6/2023,Delivered On Time,204721,21,4299141,2522106.71,1777034.29,93.97,Level 2 Restricted,12
ORD-10989,ALPHA-CNT-2025-146,Ministry of Defense - South Korea,Asia Pacific,South Korea,Naval Technology,Sonar Detection Array,Ground Tactical,SN-ALPHA-337288,8/8/2023,20/12/2023,17/1/2024,Delivered Delayed,1060165,22,23323630,16594342.3,6729287.7,95.2,Level 3 Top Secret,60
ORD-10990,ALPHA-CNT-2023-268,Ministry of Defense - South Korea,Asia Pacific,South Korea,Tactical Avionics,Night Vision Targeting System,Ground Tactical,SN-ALPHA-735818,21/5/2023,29/7/2023,26/7/2023,Delivered On Time,871190,45,39203550,23844374.81,15359175.19,94.66,Level 1 Standard,36
ORD-10991,ALPHA-CNT-2024-604,Ministry of Defense - Germany,Europe,Germany,Naval Technology,Submarine Communications Module,Digital Command,SN-ALPHA-303974,6/9/2024,25/10/2024,25/10/2024,Delivered On Time,186668,7,1306676,769880.57,536795.43,93.79,Level 1 Standard,36
ORD-10992,ALPHA-CNT-2025-243,Ministry of Defense - USA,North America,USA,Land Defense,Ballistic Shielding Suite,Airborne,SN-ALPHA-576849,5/10/2023,3/3/2024,28/3/2024,Delivered Delayed,328518,17,5584806,4025848.47,1558957.53,94.01,Level 2 Restricted,36
ORD-10993,ALPHA-CNT-2023-941,Ministry of Defense - Chile,LATAM,Chile,Cyber Security,Quantum Cipher Hardware,Ground Tactical,SN-ALPHA-523579,10/10/2024,15/1/2025,14/1/2025,Delivered On Time,692974,2,1385948,967975.4,417972.6,90.1,Level 2 Restricted,36
ORD-10994,ALPHA-CNT-2024-834,Ministry of Defense - India,Asia Pacific,India,Naval Technology,Naval Target Radar,Digital Command,SN-ALPHA-702833,12/9/2023,6/1/2024,27/12/2023,Delivered On Time,1364495,12,16373940,12095541.88,4278398.12,97.67,Level 1 Standard,24
ORD-10995,ALPHA-CNT-2025-860,Ministry of Defense - Japan,Asia Pacific,Japan,Cyber Security,Encrypted Comms Server,Digital Command,SN-ALPHA-104877,5/10/2024,13/2/2025,8/2/2025,Delivered On Time,1484520,42,62349840,39116147.53,23233692.47,94.45,Level 3 Top Secret,36
ORD-10996,ALPHA-CNT-2023-838,Ministry of Defense - Chile,LATAM,Chile,Tactical Avionics,Cockpit Head Up Display,Airborne,SN-ALPHA-373791,13/12/2023,1/2/2024,27/3/2024,Delivered Delayed,857461,18,15434298,10217395.91,5216902.09,89.56,Level 3 Top Secret,36
ORD-10997,ALPHA-CNT-2024-519,Ministry of Defense - USA,North America,USA,Naval Technology,Sonar Detection Array,Maritime,SN-ALPHA-283537,19/6/2025,11/10/2025,25/10/2025,Delivered Delayed,658269,11,7240959,4716528.4,2524430.6,97.12,Level 3 Top Secret,24
ORD-10998,ALPHA-CNT-2025-209,Ministry of Defense - Germany,Europe,Germany,Aerospace Systems,Jet Engine Turbine Component,Digital Command,SN-ALPHA-526911,23/4/2023,6/10/2023,4/10/2023,Delivered On Time,1414359,16,22629744,18013782.36,4615961.64,99.1,Level 3 Top Secret,36
ORD-10999,ALPHA-CNT-2023-360,Ministry of Defense - Japan,Asia Pacific,Japan,Cyber Security,Quantum Cipher Hardware,Digital Command,SN-ALPHA-630829,25/8/2024,30/12/2024,30/12/2024,Delivered On Time,1212586,49,59416714,37020310.87,22396403.13,99.27,Level 1 Standard,60